{
  "name": "600 từ cơ bản",
  "subList": [
    {
      "name": "Cơ thể con người",
      "words": [
        "head",
        "hair",
        "face",
        "eye",
        "ear",
        "nose",
        "mouth",
        "tooth",
        "tongue",
        "neck",
        "shoulder",
        "arm",
        "hand",
        "finger",
        "chest",
        "heart",
        "stomach",
        "back",
        "leg",
        "knee",
        "foot",
        "toe",
        "skin",
        "bone",
        "blood",
        "elbow",
        "wrist",
        "ankle",
        "heel",
        "thumb",
        "palm",
        "waist",
        "hip"
      ]
    },
    {
      "name": "Ngoại hình",
      "words": [
        "tall",
        "short",
        "slim",
        "fat",
        "skinny",
        "muscular",
        "overweight",
        "attractive",
        "ugly",
        "handsome",
        "beautiful",
        "good-looking",
        "pale",
        "freckle",
        "bald",
        "beard",
        "moustache",
        "piercing",
        "tattoo",
        "elegant",
        "chubby",
        "plump",
        "wrinkle",
        "cute",
        "plain",
        "neat",
        "dirty",
        "smart",
        "tidy"
      ]
    },
    {
      "name": "Tính cách",
      "words": [
        "brave",
        "honest",
        "friendly",
        "lazy",
        "generous",
        "shy",
        "talkative",
        "confident",
        "kind",
        "rude",
        "creative",
        "polite",
        "hard-working",
        "moody",
        "responsible",
        "optimistic",
        "pessimistic",
        "intelligent",
        "stubborn",
        "funny",
        "serious",
        "sensitive",
        "calm",
        "outgoing",
        "caring",
        "jealous",
        "loyal",
        "ambitious",
        "curious",
        "honorable",
        "helpful",
        "mean",
        "patient",
        "honest",
        "clever"
      ]
    },
    {
      "name": "Cảm xúc",
      "words": [
        "happy",
        "sad",
        "angry",
        "excited",
        "nervous",
        "scared",
        "surprised",
        "confused",
        "bored",
        "tired",
        "relaxed",
        "lonely",
        "proud",
        "embarrassed",
        "frustrated",
        "hopeful",
        "grateful",
        "jealous",
        "disappointed",
        "curious",
        "calm",
        "anxious",
        "content",
        "energetic",
        "relieved",
        "shocked",
        "confident",
        "miserable",
        "grumpy",
        "afraid",
        "delighted",
        "angry",
        "joyful",
        "upset"
      ]
    },
    {
      "name": "Gia đình",
      "words": [
        "father",
        "mother",
        "brother",
        "sister",
        "parent",
        "son",
        "daughter",
        "grandfather",
        "grandmother",
        "grandparents",
        "uncle",
        "aunt",
        "cousin",
        "nephew",
        "niece",
        "husband",
        "wife",
        "children",
        "family",
        "stepfather",
        "stepmother",
        "stepsister",
        "stepbrother",
        "twin",
        "relative",
        "in-law",
        "married",
        "divorce",
        "orphan",
        "baby",
        "child",
        "teenager",
        "adult",
        "couple",
        "bride",
        "groom"
      ]
    },
    {
      "name": "Sở thích",
      "words": [
        "reading",
        "cooking",
        "gardening",
        "painting",
        "singing",
        "dancing",
        "traveling",
        "photography",
        "drawing",
        "writing",
        "hiking",
        "cycling",
        "swimming",
        "fishing",
        "knitting",
        "baking",
        "camping",
        "yoga",
        "volunteering",
        "reading",
        "running",
        "collecting",
        "watching",
        "listening",
        "drawing",
        "writing"
      ]
    },
    {
      "name": "Quần áo và thời trang",
      "words": [
        "shirt",
        "T-shirt",
        "pants",
        "jeans",
        "skirt",
        "dress",
        "jacket",
        "coat",
        "sweater",
        "hoodie",
        "shorts",
        "sock",
        "shoe",
        "sneakers",
        "sandal",
        "boot",
        "hat",
        "cap",
        "scarf",
        "glove",
        "tie",
        "belt",
        "sunglasses",
        "purse",
        "handbag",
        "backpack",
        "uniform",
        "clothes",
        "outfit",
        "pocket",
        "button",
        "zipper",
        "fabric"
      ]
    },
    {
      "name": "Mua sắm",
      "words": [
        "buy",
        "sell",
        "shop",
        "mall",
        "price",
        "discount",
        "sale",
        "bargain",
        "cash",
        "receipt",
        "credit card",
        "size",
        "fit",
        "refund",
        "exchange",
        "return",
        "expensive",
        "cheap",
        "customer",
        "shop-assistant",
        "queue",
        "label",
        "product",
        "shopper",
        "store",
        "market",
        "cart",
        "basket"
      ]
    },
    {
      "name": "Du lịch",
      "words": [
        "travel",
        "trip",
        "journey",
        "tour",
        "tourist",
        "destination",
        "sightseeing",
        "luggage",
        "backpack",
        "passport",
        "visa",
        "flight",
        "airport",
        "hotel",
        "hostel",
        "resort",
        "itinerary",
        "booking",
        "guide",
        "cruise",
        "adventure",
        "beach",
        "souvenir",
        "map",
        "local",
        "culture",
        "budget",
        "ticket",
        "train",
        "bus",
        "station",
        "airport",
        "border",
        "map"
      ]
    },
    {
      "name": "Trường học",
      "words": [
        "school",
        "classroom",
        "teacher",
        "student",
        "principal",
        "subject",
        "math",
        "science",
        "history",
        "literature",
        "homework",
        "exam",
        "test",
        "score",
        "grade",
        "backpack",
        "textbook",
        "notebook",
        "pencil",
        "pen",
        "ruler",
        "eraser",
        "chalk",
        "blackboard",
        "desk",
        "chair",
        "library",
        "recess",
        "uniform",
        "assembly",
        "lesson",
        "subject",
        "class",
        "teacher",
        "student",
        "exam",
        "study"
      ]
    },
    {
      "name": "Bạn bè",
      "words": [
        "friend",
        "buddy",
        "mate",
        "pal",
        "classmate",
        "roommate",
        "teammate",
        "companion",
        "acquaintance",
        "loyal",
        "trustworthy",
        "honest",
        "supportive",
        "reliable",
        "kind",
        "caring",
        "generous",
        "funny",
        "talkative",
        "friendly",
        "cheerful",
        "helpful",
        "outgoing",
        "sociable",
        "respectful",
        "honest",
        "group"
      ]
    },
    {
      "name": "Thời tiết",
      "words": [
        "sunny",
        "cloudy",
        "rainy",
        "windy",
        "stormy",
        "snowy",
        "hot",
        "cold",
        "warm",
        "cool",
        "foggy",
        "humid",
        "dry",
        "thunder",
        "lightning",
        "breeze",
        "hail",
        "drizzle",
        "shower",
        "temperature",
        "degree",
        "forecast",
        "climate",
        "heatwave",
        "frost",
        "drought",
        "flood",
        "rainbow",
        "rain",
        "snow",
        "sun",
        "wind",
        "cloud",
        "storm",
        "temperature"
      ]
    },
    {
      "name": "Môi trường",
      "words": [
        "environment",
        "pollution",
        "deforestation",
        "climate change",
        "global warming",
        "greenhouse effect",
        "renewable energy",
        "solar power",
        "wind energy",
        "fossil fuel",
        "carbon footprint",
        "sustainability",
        "recycle",
        "reusable",
        "biodegradable",
        "waste",
        "landfill",
        "ecosystem",
        "biodiversity",
        "conservation",
        "habitat",
        "natural resources",
        "organic",
        "green",
        "contaminate",
        "drought",
        "flood",
        "extinct",
        "nature",
        "forest",
        "river",
        "mountain",
        "tree",
        "earth",
        "air"
      ]
    },
    {
      "name": "Con vật nuôi",
      "words": [
        "dog",
        "cat",
        "hamster",
        "rabbit",
        "parrot",
        "goldfish",
        "turtle",
        "guinea pig",
        "ferret",
        "hedgehog",
        "lizard",
        "snake",
        "puppy",
        "kitten",
        "canary",
        "cockatiel",
        "chinchilla",
        "duck",
        "chicken",
        "rooster",
        "goat",
        "pig",
        "horse",
        "cow",
        "sheep",
        "donkey",
        "alpaca",
        "goose",
        "bird",
        "mouse",
        "rat",
        "frog",
        "cow",
        "horse"
      ]
    },
    {
      "name": "Món ăn – thực phẩm",
      "words": [
        "bread",
        "rice",
        "noodles",
        "meat",
        "fish",
        "chicken",
        "pork",
        "beef",
        "egg",
        "milk",
        "cheese",
        "butter",
        "salad",
        "soup",
        "pizza",
        "hamburger",
        "sausage",
        "apple",
        "banana",
        "orange",
        "watermelon",
        "grapes",
        "carrot",
        "potato",
        "onion",
        "tomato",
        "ice cream",
        "chocolate",
        "cake",
        "candy",
        "sugar",
        "salt",
        "pepper",
        "oil",
        "flour",
        "honey",
        "fruit",
        "vegetable"
      ]
    },
    {
      "name": "Thức uống",
      "words": [
        "water",
        "mineral water",
        "juice",
        "orange juice",
        "apple juice",
        "milk",
        "soy milk",
        "coffee",
        "iced coffee",
        "tea",
        "green tea",
        "black tea",
        "herbal tea",
        "bubble tea",
        "smoothie",
        "milkshake",
        "soft drink",
        "soda",
        "cola",
        "lemonade",
        "coconut water",
        "energy drink",
        "alcohol",
        "beer",
        "wine",
        "red wine",
        "white wine",
        "cocktail",
        "champagne"
      ]
    },
    {
      "name": "Màu sắc",
      "words": [
        "red",
        "blue",
        "green",
        "yellow",
        "black",
        "white",
        "pink",
        "orange",
        "purple",
        "brown",
        "gray / grey",
        "light",
        "dark",
        "gold",
        "silver",
        "beige",
        "navy",
        "turquoise",
        "burgundy",
        "lavender",
        "coral",
        "magenta",
        "peach",
        "mint",
        "chocolate",
        "olive",
        "crimson",
        "ivory",
        "slate"
      ]
    },
    {
      "name": "Công việc và nghề nghiệp",
      "words": [
        "doctor",
        "nurse",
        "engineer",
        "teacher",
        "lawyer",
        "accountant",
        "architect",
        "chef",
        "waiter",
        "waitress",
        "police officer",
        "firefighter",
        "pilot",
        "flight attendant",
        "soldier",
        "farmer",
        "mechanic",
        "driver",
        "journalist",
        "photographer",
        "artist",
        "musician",
        "actor",
        "actress",
        "scientist",
        "researcher",
        "businessman",
        "businesswoman",
        "manager",
        "worker",
        "employee",
        "boss",
        "director",
        "designer",
        "writer"
      ]
    },
    {
      "name": "Giao tiếp trong kinh doanh",
      "words": [
        "agenda",
        "asset",
        "brand",
        "budget",
        "client",
        "collaboration",
        "competitor",
        "contract",
        "deadline",
        "delegate",
        "entrepreneur",
        "feedback",
        "forecast",
        "incentive",
        "inventory",
        "invoice",
        "leadership",
        "liability",
        "merger",
        "negotiation",
        "profit",
        "proposal",
        "revenue",
        "stakeholder",
        "strategy",
        "meeting",
        "plan",
        "goal",
        "project",
        "task"
      ]
    },
    {
      "name": "Nghệ thuật",
      "words": [
        "art",
        "artist",
        "painting",
        "sculpture",
        "gallery",
        "exhibit",
        "canvas",
        "abstract",
        "realism",
        "portrait",
        "landscape",
        "color palette",
        "brushstroke",
        "inspiration",
        "creativity",
        "critic",
        "aesthetic",
        "visual art",
        "performance",
        "stage",
        "musician",
        "dancer",
        "choreography",
        "theater",
        "film",
        "director",
        "scene",
        "soundtrack",
        "audience",
        "design",
        "drawing",
        "melody",
        "rhythm",
        "poem",
        "story"
      ]
    },
    {
      "name": "Máy tính và mạng internet",
      "words": [
        "algorithm",
        "bandwidth",
        "browser",
        "cache",
        "cloud",
        "cookie",
        "cybersecurity",
        "data",
        "database",
        "download",
        "email",
        "encryption",
        "firewall",
        "hardware",
        "internet",
        "keyboard",
        "malware",
        "monitor",
        "network",
        "password",
        "processor",
        "router",
        "search",
        "software",
        "streaming",
        "screen",
        "mouse",
        "file",
        "folder",
        "link",
        "server",
        "program"
      ]
    },
    {
      "name": "Sức khỏe và y tế",
      "words": [
        "allergy",
        "ambulance",
        "bandage",
        "blood",
        "cough",
        "dentist",
        "diagnosis",
        "diet",
        "disease",
        "doctor",
        "emergency",
        "exercise",
        "fever",
        "headache",
        "hospital",
        "infection",
        "injury",
        "medicine",
        "nurse",
        "pain",
        "pharmacy",
        "prescription",
        "surgery",
        "symptom",
        "vaccine",
        "clinic",
        "patient",
        "recovery",
        "care",
        "health",
        "treatment"
      ]
    },
    {
      "name": "Điện thoại và thư tín",
      "words": [
        "phone",
        "smartphone",
        "mobile phone",
        "dial",
        "call",
        "text",
        "message",
        "voicemail",
        "receiver",
        "ringtone",
        "signal",
        "coverage",
        "network",
        "battery",
        "charger",
        "email",
        "inbox",
        "outbox",
        "attachment",
        "send",
        "receive",
        "spam",
        "reply",
        "forward",
        "postage",
        "envelope",
        "stamp",
        "mailbox",
        "contact",
        "chat",
        "number"
      ]
    },
    {
      "name": "Truyền hình và báo chí",
      "words": [
        "anchor",
        "article",
        "broadcast",
        "bulletin",
        "byline",
        "cable",
        "column",
        "commercial",
        "correspondent",
        "coverage",
        "deadline",
        "documentary",
        "editor",
        "exclusive",
        "feature",
        "headline",
        "interview",
        "journalist",
        "live",
        "media",
        "network",
        "newspaper",
        "rating",
        "reporter",
        "segment",
        "source",
        "studio",
        "tabloid",
        "telecast",
        "news",
        "press",
        "camera",
        "microphone",
        "story"
      ]
    }
  ]
}
