{
  "name": "Essential English Words 3",
  "words": [
    {
      "word": "arise",
      "image": "arise.webp"
    },
    {
      "word": "benefactor",
      "image": "benefactor.webp"
    },
    {
      "word": "blacksmith",
      "image": "blacksmith.webp"
    },
    {
      "word": "charitable",
      "image": "charitable.webp"
    },
    {
      "word": "chimney",
      "image": "chimney.webp"
    },
    {
      "word": "compensate",
      "image": "compensate.webp"
    },
    {
      "word": "encounter",
      "image": "encounter.webp"
    },
    {
      "word": "exceed",
      "image": "exceed.webp"
    },
    {
      "word": "forge",
      "image": "forge.webp"
    },
    {
      "word": "humble",
      "image": "humble.webp"
    },
    {
      "word": "iron",
      "image": "iron.webp"
    },
    {
      "word": "ladder",
      "image": "ladder.webp"
    },
    {
      "word": "modest",
      "image": "modest.webp"
    },
    {
      "word": "occupy",
      "image": "occupy.webp"
    },
    {
      "word": "penny",
      "image": "penny.webp"
    },
    {
      "word": "preach",
      "image": "preach.webp"
    },
    {
      "word": "prosper",
      "image": "prosper.webp"
    },
    {
      "word": "province",
      "image": "province.webp"
    },
    {
      "word": "satisfaction",
      "image": "satisfaction.webp"
    },
    {
      "word": "sustain",
      "image": "sustain.webp"
    },
    {
      "word": "acquire",
      "image": "acquire.webp"
    },
    {
      "word": "awkward",
      "image": "awkward.webp"
    },
    {
      "word": "caretaker",
      "image": "caretaker.webp"
    },
    {
      "word": "deceive",
      "image": "deceive.webp"
    },
    {
      "word": "discourage",
      "image": "discourage.webp"
    },
    {
      "word": "fake",
      "image": "fake.webp"
    },
    {
      "word": "hatred",
      "image": "hatred.webp"
    },
    {
      "word": "hut",
      "image": "hut.webp"
    },
    {
      "word": "inferior",
      "image": "inferior.webp"
    },
    {
      "word": "lodge",
      "image": "lodge.webp"
    },
    {
      "word": "neglect",
      "image": "neglect.webp"
    },
    {
      "word": "newcomer",
      "image": "newcomer.webp"
    },
    {
      "word": "offense",
      "image": "offense.webp"
    },
    {
      "word": "overlook",
      "image": "overlook.webp"
    },
    {
      "word": "repay; repaid",
      "image": "repay; repaid.webp"
    },
    {
      "word": "ridiculous",
      "image": "ridiculous.webp"
    },
    {
      "word": "satisfactory",
      "image": "satisfactory.webp"
    },
    {
      "word": "shepherd",
      "image": "shepherd.webp"
    },
    {
      "word": "venture",
      "image": "venture.webp"
    },
    {
      "word": "wheat",
      "image": "wheat.webp"
    },
    {
      "word": "alley",
      "image": "alley.webp"
    },
    {
      "word": "ax",
      "image": "ax.webp"
    },
    {
      "word": "bunch",
      "image": "bunch.webp"
    },
    {
      "word": "chore",
      "image": "chore.webp"
    },
    {
      "word": "decent",
      "image": "decent.webp"
    },
    {
      "word": "disgrace",
      "image": "disgrace.webp"
    },
    {
      "word": "elbow",
      "image": "elbow.webp"
    },
    {
      "word": "grateful",
      "image": "grateful.webp"
    },
    {
      "word": "irritate",
      "image": "irritate.webp"
    },
    {
      "word": "kid",
      "image": "kid.webp"
    },
    {
      "word": "loose",
      "image": "loose.webp"
    },
    {
      "word": "offend",
      "image": "offend.webp"
    },
    {
      "word": "overnight",
      "image": "overnight.webp"
    },
    {
      "word": "persist",
      "image": "persist.webp"
    },
    {
      "word": "pine",
      "image": "pine.webp"
    },
    {
      "word": "scar",
      "image": "scar.webp"
    },
    {
      "word": "sensation",
      "image": "sensation.webp"
    },
    {
      "word": "sled",
      "image": "sled.webp"
    },
    {
      "word": "tease",
      "image": "tease.webp"
    },
    {
      "word": "valentine",
      "image": "valentine.webp"
    },
    {
      "word": "bloom",
      "image": "bloom.webp"
    },
    {
      "word": "compact",
      "image": "compact.webp"
    },
    {
      "word": "curl",
      "image": "curl.webp"
    },
    {
      "word": "decay",
      "image": "decay.webp"
    },
    {
      "word": "dessert",
      "image": "dessert.webp"
    },
    {
      "word": "dip",
      "image": "dip.webp"
    },
    {
      "word": "distant",
      "image": "distant.webp"
    },
    {
      "word": "eclipse",
      "image": "eclipse.webp"
    },
    {
      "word": "fairy",
      "image": "fairy.webp"
    },
    {
      "word": "grace",
      "image": "grace.webp"
    },
    {
      "word": "leisure",
      "image": "leisure.webp"
    },
    {
      "word": "mankind",
      "image": "mankind.webp"
    },
    {
      "word": "passion",
      "image": "passion.webp"
    },
    {
      "word": "pillow",
      "image": "pillow.webp"
    },
    {
      "word": "pulse",
      "image": "pulse.webp"
    },
    {
      "word": "refresh",
      "image": "refresh.webp"
    },
    {
      "word": "sneeze",
      "image": "sneeze.webp"
    },
    {
      "word": "spice",
      "image": "spice.webp"
    },
    {
      "word": "whistle",
      "image": "whistle.webp"
    },
    {
      "word": "wool",
      "image": "wool.webp"
    },
    {
      "word": "acquaint",
      "image": "acquaint.webp"
    },
    {
      "word": "cemetery",
      "image": "cemetery.webp"
    },
    {
      "word": "curse",
      "image": "curse.webp"
    },
    {
      "word": "disguise",
      "image": "disguise.webp"
    },
    {
      "word": "fancy",
      "image": "fancy.webp"
    },
    {
      "word": "flashlight",
      "image": "flashlight.webp"
    },
    {
      "word": "hood",
      "image": "hood.webp"
    },
    {
      "word": "inhabitant",
      "image": "inhabitant.webp"
    },
    {
      "word": "nourish",
      "image": "nourish.webp"
    },
    {
      "word": "pirate",
      "image": "pirate.webp"
    },
    {
      "word": "publication",
      "image": "publication.webp"
    },
    {
      "word": "riddle",
      "image": "riddle.webp"
    },
    {
      "word": "rot",
      "image": "rot.webp"
    },
    {
      "word": "scare",
      "image": "scare.webp"
    },
    {
      "word": "shortly",
      "image": "shortly.webp"
    },
    {
      "word": "skeleton",
      "image": "skeleton.webp"
    },
    {
      "word": "spoil",
      "image": "spoil.webp"
    },
    {
      "word": "starve",
      "image": "starve.webp"
    },
    {
      "word": "thrill",
      "image": "thrill.webp"
    },
    {
      "word": "wicked",
      "image": "wicked.webp"
    },
    {
      "word": "alert",
      "image": "alert.webp"
    },
    {
      "word": "broadcast",
      "image": "broadcast.webp"
    },
    {
      "word": "bulletin",
      "image": "bulletin.webp"
    },
    {
      "word": "bump",
      "image": "bump.webp"
    },
    {
      "word": "chop",
      "image": "chop.webp"
    },
    {
      "word": "closet",
      "image": "closet.webp"
    },
    {
      "word": "console",
      "image": "console.webp"
    },
    {
      "word": "district",
      "image": "district.webp"
    },
    {
      "word": "drawer",
      "image": "drawer.webp"
    },
    {
      "word": "endure",
      "image": "endure.webp"
    },
    {
      "word": "execute",
      "image": "execute.webp"
    },
    {
      "word": "grasp",
      "image": "grasp.webp"
    },
    {
      "word": "rear",
      "image": "rear.webp"
    },
    {
      "word": "senator",
      "image": "senator.webp"
    },
    {
      "word": "skull",
      "image": "skull.webp"
    },
    {
      "word": "stir",
      "image": "stir.webp"
    },
    {
      "word": "tap",
      "image": "tap.webp"
    },
    {
      "word": "tremendous",
      "image": "tremendous.webp"
    },
    {
      "word": "underneath",
      "image": "underneath.webp"
    },
    {
      "word": "worm",
      "image": "worm.webp"
    },
    {
      "word": "abandon",
      "image": "abandon.webp"
    },
    {
      "word": "ambitious",
      "image": "ambitious.webp"
    },
    {
      "word": "bark",
      "image": "bark.webp"
    },
    {
      "word": "bay",
      "image": "bay.webp"
    },
    {
      "word": "brilliant",
      "image": "brilliant.webp"
    },
    {
      "word": "chin",
      "image": "chin.webp"
    },
    {
      "word": "complaint",
      "image": "complaint.webp"
    },
    {
      "word": "deaf",
      "image": "deaf.webp"
    },
    {
      "word": "enthusiastic",
      "image": "enthusiastic.webp"
    },
    {
      "word": "expedition",
      "image": "expedition.webp"
    },
    {
      "word": "horizon",
      "image": "horizon.webp"
    },
    {
      "word": "loyal",
      "image": "loyal.webp"
    },
    {
      "word": "mayor",
      "image": "mayor.webp"
    },
    {
      "word": "mutual",
      "image": "mutual.webp"
    },
    {
      "word": "overweight",
      "image": "overweight.webp"
    },
    {
      "word": "refuge",
      "image": "refuge.webp"
    },
    {
      "word": "restore",
      "image": "restore.webp"
    },
    {
      "word": "rub",
      "image": "rub.webp"
    },
    {
      "word": "senses",
      "image": "senses.webp"
    },
    {
      "word": "veterinarian",
      "image": "veterinarian.webp"
    },
    {
      "word": "anniversary",
      "image": "anniversary.webp"
    },
    {
      "word": "arithmetic",
      "image": "arithmetic.webp"
    },
    {
      "word": "ashamed",
      "image": "ashamed.webp"
    },
    {
      "word": "burst",
      "image": "burst.webp"
    },
    {
      "word": "carpenter",
      "image": "carpenter.webp"
    },
    {
      "word": "coal",
      "image": "coal.webp"
    },
    {
      "word": "couch",
      "image": "couch.webp"
    },
    {
      "word": "drip",
      "image": "drip.webp"
    },
    {
      "word": "elegant",
      "image": "elegant.webp"
    },
    {
      "word": "fabric",
      "image": "fabric.webp"
    },
    {
      "word": "highlands",
      "image": "highlands.webp"
    },
    {
      "word": "ivory",
      "image": "ivory.webp"
    },
    {
      "word": "mill",
      "image": "mill.webp"
    },
    {
      "word": "needle",
      "image": "needle.webp"
    },
    {
      "word": "polish",
      "image": "polish.webp"
    },
    {
      "word": "sew",
      "image": "sew.webp"
    },
    {
      "word": "shed",
      "image": "shed.webp"
    },
    {
      "word": "thread",
      "image": "thread.webp"
    },
    {
      "word": "trim",
      "image": "trim.webp"
    },
    {
      "word": "upwards",
      "image": "upwards.webp"
    },
    {
      "word": "ail",
      "image": "ail.webp"
    },
    {
      "word": "ally",
      "image": "ally.webp"
    },
    {
      "word": "boast",
      "image": "boast.webp"
    },
    {
      "word": "bounce",
      "image": "bounce.webp"
    },
    {
      "word": "bully",
      "image": "bully.webp"
    },
    {
      "word": "carbohydrate",
      "image": "carbohydrate.webp"
    },
    {
      "word": "crawl",
      "image": "crawl.webp"
    },
    {
      "word": "defeat",
      "image": "defeat.webp"
    },
    {
      "word": "dial",
      "image": "dial.webp"
    },
    {
      "word": "dominant",
      "image": "dominant.webp"
    },
    {
      "word": "mercy",
      "image": "mercy.webp"
    },
    {
      "word": "nod",
      "image": "nod.webp"
    },
    {
      "word": "opponent",
      "image": "opponent.webp"
    },
    {
      "word": "rival",
      "image": "rival.webp"
    },
    {
      "word": "sore",
      "image": "sore.webp"
    },
    {
      "word": "sting",
      "image": "sting.webp"
    },
    {
      "word": "strain",
      "image": "strain.webp"
    },
    {
      "word": "torture",
      "image": "torture.webp"
    },
    {
      "word": "wrestle",
      "image": "wrestle.webp"
    },
    {
      "word": "quarrel",
      "image": "quarrel.webp"
    },
    {
      "word": "absence",
      "image": "absence.webp"
    },
    {
      "word": "aloud",
      "image": "aloud.webp"
    },
    {
      "word": "bald",
      "image": "bald.webp"
    },
    {
      "word": "blanket",
      "image": "blanket.webp"
    },
    {
      "word": "creep",
      "image": "creep.webp"
    },
    {
      "word": "divorce",
      "image": "divorce.webp"
    },
    {
      "word": "imitate",
      "image": "imitate.webp"
    },
    {
      "word": "infant",
      "image": "infant.webp"
    },
    {
      "word": "kidnap",
      "image": "kidnap.webp"
    },
    {
      "word": "nap",
      "image": "nap.webp"
    },
    {
      "word": "nowhere",
      "image": "nowhere.webp"
    },
    {
      "word": "pat",
      "image": "pat.webp"
    },
    {
      "word": "relief",
      "image": "relief.webp"
    },
    {
      "word": "reproduce",
      "image": "reproduce.webp"
    },
    {
      "word": "rhyme",
      "image": "rhyme.webp"
    },
    {
      "word": "suck",
      "image": "suck.webp"
    },
    {
      "word": "urgent",
      "image": "urgent.webp"
    },
    {
      "word": "vanish",
      "image": "vanish.webp"
    },
    {
      "word": "wagon",
      "image": "wagon.webp"
    },
    {
      "word": "wrinkle",
      "image": "wrinkle.webp"
    },
    {
      "word": "abnormal",
      "image": "abnormal.webp"
    },
    {
      "word": "bamboo",
      "image": "bamboo.webp"
    },
    {
      "word": "blossom",
      "image": "blossom.webp"
    },
    {
      "word": "compass",
      "image": "compass.webp"
    },
    {
      "word": "dialect",
      "image": "dialect.webp"
    },
    {
      "word": "dishonest",
      "image": "dishonest.webp"
    },
    {
      "word": "dwarf",
      "image": "dwarf.webp"
    },
    {
      "word": "ecosystem",
      "image": "ecosystem.webp"
    },
    {
      "word": "fatal",
      "image": "fatal.webp"
    },
    {
      "word": "impatient",
      "image": "impatient.webp"
    },
    {
      "word": "leaf",
      "image": "leaf.webp"
    },
    {
      "word": "manuscript",
      "image": "manuscript.webp"
    },
    {
      "word": "marsh",
      "image": "marsh.webp"
    },
    {
      "word": "patience",
      "image": "patience.webp"
    },
    {
      "word": "perfume",
      "image": "perfume.webp"
    },
    {
      "word": "pond",
      "image": "pond.webp"
    },
    {
      "word": "proverb",
      "image": "proverb.webp"
    },
    {
      "word": "pursuit",
      "image": "pursuit.webp"
    },
    {
      "word": "recite",
      "image": "recite.webp"
    },
    {
      "word": "wilderness",
      "image": "wilderness.webp"
    },
    {
      "word": "anticipate",
      "image": "anticipate.webp"
    },
    {
      "word": "barrel",
      "image": "barrel.webp"
    },
    {
      "word": "beam",
      "image": "beam.webp"
    },
    {
      "word": "casual",
      "image": "casual.webp"
    },
    {
      "word": "caution",
      "image": "caution.webp"
    },
    {
      "word": "contrary",
      "image": "contrary.webp"
    },
    {
      "word": "deliberate",
      "image": "deliberate.webp"
    },
    {
      "word": "dissolve",
      "image": "dissolve.webp"
    },
    {
      "word": "explode",
      "image": "explode.webp"
    },
    {
      "word": "fasten",
      "image": "fasten.webp"
    },
    {
      "word": "germ",
      "image": "germ.webp"
    },
    {
      "word": "kit",
      "image": "kit.webp"
    },
    {
      "word": "puff",
      "image": "puff.webp"
    },
    {
      "word": "rag",
      "image": "rag.webp"
    },
    {
      "word": "scatter",
      "image": "scatter.webp"
    },
    {
      "word": "scent",
      "image": "scent.webp"
    },
    {
      "word": "steel",
      "image": "steel.webp"
    },
    {
      "word": "swift",
      "image": "swift.webp"
    },
    {
      "word": "toss",
      "image": "toss.webp"
    },
    {
      "word": "triumph",
      "image": "triumph.webp"
    },
    {
      "word": "aboard",
      "image": "aboard.webp"
    },
    {
      "word": "bitter",
      "image": "bitter.webp"
    },
    {
      "word": "bullet",
      "image": "bullet.webp"
    },
    {
      "word": "devil",
      "image": "devil.webp"
    },
    {
      "word": "drift",
      "image": "drift.webp"
    },
    {
      "word": "enforce",
      "image": "enforce.webp"
    },
    {
      "word": "fountain",
      "image": "fountain.webp"
    },
    {
      "word": "harbor",
      "image": "harbor.webp"
    },
    {
      "word": "inhabit",
      "image": "inhabit.webp"
    },
    {
      "word": "march",
      "image": "march.webp"
    },
    {
      "word": "millionaire",
      "image": "millionaire.webp"
    },
    {
      "word": "port",
      "image": "port.webp"
    },
    {
      "word": "sheriff",
      "image": "sheriff.webp"
    },
    {
      "word": "startle",
      "image": "startle.webp"
    },
    {
      "word": "sweat",
      "image": "sweat.webp"
    },
    {
      "word": "trigger",
      "image": "trigger.webp"
    },
    {
      "word": "unify",
      "image": "unify.webp"
    },
    {
      "word": "vessel",
      "image": "vessel.webp"
    },
    {
      "word": "voyage",
      "image": "voyage.webp"
    },
    {
      "word": "worship",
      "image": "worship.webp"
    },
    {
      "word": "apprentice",
      "image": "apprentice.webp"
    },
    {
      "word": "assure",
      "image": "assure.webp"
    },
    {
      "word": "bandage",
      "image": "bandage.webp"
    },
    {
      "word": "bleed",
      "image": "bleed.webp"
    },
    {
      "word": "bond",
      "image": "bond.webp"
    },
    {
      "word": "chef",
      "image": "chef.webp"
    },
    {
      "word": "crown",
      "image": "crown.webp"
    },
    {
      "word": "departure",
      "image": "departure.webp"
    },
    {
      "word": "diligent",
      "image": "diligent.webp"
    },
    {
      "word": "emperor",
      "image": "emperor.webp"
    },
    {
      "word": "fiber",
      "image": "fiber.webp"
    },
    {
      "word": "horrible",
      "image": "horrible.webp"
    },
    {
      "word": "impolite",
      "image": "impolite.webp"
    },
    {
      "word": "kneel; knee",
      "image": "kneel; knee.webp"
    },
    {
      "word": "luxury",
      "image": "luxury.webp"
    },
    {
      "word": "massive",
      "image": "massive.webp"
    },
    {
      "word": "panic",
      "image": "panic.webp"
    },
    {
      "word": "priority",
      "image": "priority.webp"
    },
    {
      "word": "robe",
      "image": "robe.webp"
    },
    {
      "word": "scold",
      "image": "scold.webp"
    },
    {
      "word": "affair",
      "image": "affair.webp"
    },
    {
      "word": "assembly",
      "image": "assembly.webp"
    },
    {
      "word": "bless",
      "image": "bless.webp"
    },
    {
      "word": "cereal",
      "image": "cereal.webp"
    },
    {
      "word": "cheerful",
      "image": "cheerful.webp"
    },
    {
      "word": "diameter",
      "image": "diameter.webp"
    },
    {
      "word": "exploit",
      "image": "exploit.webp"
    },
    {
      "word": "famine",
      "image": "famine.webp"
    },
    {
      "word": "harvest",
      "image": "harvest.webp"
    },
    {
      "word": "merry",
      "image": "merry.webp"
    },
    {
      "word": "nut",
      "image": "nut.webp"
    },
    {
      "word": "pardon",
      "image": "pardon.webp"
    },
    {
      "word": "pharaoh",
      "image": "pharaoh.webp"
    },
    {
      "word": "ripe",
      "image": "ripe.webp"
    },
    {
      "word": "roast",
      "image": "roast.webp"
    },
    {
      "word": "routine",
      "image": "routine.webp"
    },
    {
      "word": "scheme",
      "image": "scheme.webp"
    },
    {
      "word": "slim",
      "image": "slim.webp"
    },
    {
      "word": "stove",
      "image": "stove.webp"
    },
    {
      "word": "theft",
      "image": "theft.webp"
    },
    {
      "word": "adolescent",
      "image": "adolescent.webp"
    },
    {
      "word": "aptitude",
      "image": "aptitude.webp"
    },
    {
      "word": "compliment",
      "image": "compliment.webp"
    },
    {
      "word": "hinder",
      "image": "hinder.webp"
    },
    {
      "word": "journalism",
      "image": "journalism.webp"
    },
    {
      "word": "jury",
      "image": "jury.webp"
    },
    {
      "word": "justice",
      "image": "justice.webp"
    },
    {
      "word": "liberty",
      "image": "liberty.webp"
    },
    {
      "word": "literary",
      "image": "literary.webp"
    },
    {
      "word": "pharmacy",
      "image": "pharmacy.webp"
    },
    {
      "word": "pill",
      "image": "pill.webp"
    },
    {
      "word": "presume",
      "image": "presume.webp"
    },
    {
      "word": "privacy",
      "image": "privacy.webp"
    },
    {
      "word": "punishment",
      "image": "punishment.webp"
    },
    {
      "word": "sensible",
      "image": "sensible.webp"
    },
    {
      "word": "slice",
      "image": "slice.webp"
    },
    {
      "word": "sorrow",
      "image": "sorrow.webp"
    },
    {
      "word": "straw",
      "image": "straw.webp"
    },
    {
      "word": "swell",
      "image": "swell.webp"
    },
    {
      "word": "tidy",
      "image": "tidy.webp"
    },
    {
      "word": "affection",
      "image": "affection.webp"
    },
    {
      "word": "agency",
      "image": "agency.webp"
    },
    {
      "word": "ash",
      "image": "ash.webp"
    },
    {
      "word": "confine",
      "image": "confine.webp"
    },
    {
      "word": "dismiss",
      "image": "dismiss.webp"
    },
    {
      "word": "erupt",
      "image": "erupt.webp"
    },
    {
      "word": "fate",
      "image": "fate.webp"
    },
    {
      "word": "lava",
      "image": "lava.webp"
    },
    {
      "word": "miserable",
      "image": "miserable.webp"
    },
    {
      "word": "navigate",
      "image": "navigate.webp"
    },
    {
      "word": "originate",
      "image": "originate.webp"
    },
    {
      "word": "remainder",
      "image": "remainder.webp"
    },
    {
      "word": "retrieve",
      "image": "retrieve.webp"
    },
    {
      "word": "shallow",
      "image": "shallow.webp"
    },
    {
      "word": "slope",
      "image": "slope.webp"
    },
    {
      "word": "span",
      "image": "span.webp"
    },
    {
      "word": "superstition",
      "image": "superstition.webp"
    },
    {
      "word": "sympathy",
      "image": "sympathy.webp"
    },
    {
      "word": "vibrate",
      "image": "vibrate.webp"
    },
    {
      "word": "wander",
      "image": "wander.webp"
    },
    {
      "word": "armor",
      "image": "armor.webp"
    },
    {
      "word": "blaze",
      "image": "blaze.webp"
    },
    {
      "word": "boom",
      "image": "boom.webp"
    },
    {
      "word": "cliff",
      "image": "cliff.webp"
    },
    {
      "word": "flame",
      "image": "flame.webp"
    },
    {
      "word": "independence",
      "image": "independence.webp"
    },
    {
      "word": "invasion",
      "image": "invasion.webp"
    },
    {
      "word": "knight",
      "image": "knight.webp"
    },
    {
      "word": "lightning",
      "image": "lightning.webp"
    },
    {
      "word": "rebel",
      "image": "rebel.webp"
    },
    {
      "word": "retreat",
      "image": "retreat.webp"
    },
    {
      "word": "revolution",
      "image": "revolution.webp"
    },
    {
      "word": "spear",
      "image": "spear.webp"
    },
    {
      "word": "steep",
      "image": "steep.webp"
    },
    {
      "word": "summit",
      "image": "summit.webp"
    },
    {
      "word": "thunder",
      "image": "thunder.webp"
    },
    {
      "word": "troops",
      "image": "troops.webp"
    },
    {
      "word": "warrior",
      "image": "warrior.webp"
    },
    {
      "word": "withdraw",
      "image": "withdraw.webp"
    },
    {
      "word": "yield",
      "image": "yield.webp"
    },
    {
      "word": "bench",
      "image": "bench.webp"
    },
    {
      "word": "confront",
      "image": "confront.webp"
    },
    {
      "word": "daisy",
      "image": "daisy.webp"
    },
    {
      "word": "dispute",
      "image": "dispute.webp"
    },
    {
      "word": "horror",
      "image": "horror.webp"
    },
    {
      "word": "incident",
      "image": "incident.webp"
    },
    {
      "word": "mist",
      "image": "mist.webp"
    },
    {
      "word": "object",
      "image": "object.webp"
    },
    {
      "word": "orphan",
      "image": "orphan.webp"
    },
    {
      "word": "plot",
      "image": "plot.webp"
    },
    {
      "word": "pregnant",
      "image": "pregnant.webp"
    },
    {
      "word": "rage",
      "image": "rage.webp"
    },
    {
      "word": "revenge",
      "image": "revenge.webp"
    },
    {
      "word": "shame",
      "image": "shame.webp"
    },
    {
      "word": "sigh",
      "image": "sigh.webp"
    },
    {
      "word": "sneak",
      "image": "sneak.webp"
    },
    {
      "word": "spare",
      "image": "spare.webp"
    },
    {
      "word": "stem",
      "image": "stem.webp"
    },
    {
      "word": "supper",
      "image": "supper.webp"
    },
    {
      "word": "tender",
      "image": "tender.webp"
    },
    {
      "word": "beneath",
      "image": "beneath.webp"
    },
    {
      "word": "cub",
      "image": "cub.webp"
    },
    {
      "word": "dawn",
      "image": "dawn.webp"
    },
    {
      "word": "dissatisfied",
      "image": "dissatisfied.webp"
    },
    {
      "word": "ease",
      "image": "ease.webp"
    },
    {
      "word": "evident",
      "image": "evident.webp"
    },
    {
      "word": "hail",
      "image": "hail.webp"
    },
    {
      "word": "howl",
      "image": "howl.webp"
    },
    {
      "word": "leap",
      "image": "leap.webp"
    },
    {
      "word": "magnificent",
      "image": "magnificent.webp"
    },
    {
      "word": "necessity",
      "image": "necessity.webp"
    },
    {
      "word": "outcome",
      "image": "outcome.webp"
    },
    {
      "word": "pile",
      "image": "pile.webp"
    },
    {
      "word": "profound",
      "image": "profound.webp"
    },
    {
      "word": "seize",
      "image": "seize.webp"
    },
    {
      "word": "squeeze",
      "image": "squeeze.webp"
    },
    {
      "word": "supreme",
      "image": "supreme.webp"
    },
    {
      "word": "terrific",
      "image": "terrific.webp"
    },
    {
      "word": "trait",
      "image": "trait.webp"
    },
    {
      "word": "vital",
      "image": "vital.webp"
    },
    {
      "word": "accustomed",
      "image": "accustomed.webp"
    },
    {
      "word": "affirm",
      "image": "affirm.webp"
    },
    {
      "word": "astonished",
      "image": "astonished.webp"
    },
    {
      "word": "bang",
      "image": "bang.webp"
    },
    {
      "word": "clan",
      "image": "clan.webp"
    },
    {
      "word": "dim",
      "image": "dim.webp"
    },
    {
      "word": "emphasis",
      "image": "emphasis.webp"
    },
    {
      "word": "fable",
      "image": "fable.webp"
    },
    {
      "word": "feast",
      "image": "feast.webp"
    },
    {
      "word": "glow",
      "image": "glow.webp"
    },
    {
      "word": "hollow",
      "image": "hollow.webp"
    },
    {
      "word": "instinct",
      "image": "instinct.webp"
    },
    {
      "word": "joint",
      "image": "joint.webp"
    },
    {
      "word": "leak",
      "image": "leak.webp"
    },
    {
      "word": "physician",
      "image": "physician.webp"
    },
    {
      "word": "sacrifice",
      "image": "sacrifice.webp"
    },
    {
      "word": "stiff",
      "image": "stiff.webp"
    },
    {
      "word": "stroke",
      "image": "stroke.webp"
    },
    {
      "word": "tragic",
      "image": "tragic.webp"
    },
    {
      "word": "tune",
      "image": "tune.webp"
    },
    {
      "word": "accommodate",
      "image": "accommodate.webp"
    },
    {
      "word": "circus",
      "image": "circus.webp"
    },
    {
      "word": "coincide",
      "image": "coincide.webp"
    },
    {
      "word": "commission",
      "image": "commission.webp"
    },
    {
      "word": "dose",
      "image": "dose.webp"
    },
    {
      "word": "dye",
      "image": "dye.webp"
    },
    {
      "word": "extent",
      "image": "extent.webp"
    },
    {
      "word": "gender",
      "image": "gender.webp"
    },
    {
      "word": "headline",
      "image": "headline.webp"
    },
    {
      "word": "informal",
      "image": "informal.webp"
    },
    {
      "word": "inquire",
      "image": "inquire.webp"
    },
    {
      "word": "messenger",
      "image": "messenger.webp"
    },
    {
      "word": "peer",
      "image": "peer.webp"
    },
    {
      "word": "portrait",
      "image": "portrait.webp"
    },
    {
      "word": "pose",
      "image": "pose.webp"
    },
    {
      "word": "ranch",
      "image": "ranch.webp"
    },
    {
      "word": "steer",
      "image": "steer.webp"
    },
    {
      "word": "stripe",
      "image": "stripe.webp"
    },
    {
      "word": "tame",
      "image": "tame.webp"
    },
    {
      "word": "tempt",
      "image": "tempt.webp"
    },
    {
      "word": "aborigine",
      "image": "aborigine.webp"
    },
    {
      "word": "ban",
      "image": "ban.webp"
    },
    {
      "word": "cautious",
      "image": "cautious.webp"
    },
    {
      "word": "confess",
      "image": "confess.webp"
    },
    {
      "word": "cottage",
      "image": "cottage.webp"
    },
    {
      "word": "daytime",
      "image": "daytime.webp"
    },
    {
      "word": "desperate",
      "image": "desperate.webp"
    },
    {
      "word": "fade",
      "image": "fade.webp"
    },
    {
      "word": "fierce",
      "image": "fierce.webp"
    },
    {
      "word": "gamble",
      "image": "gamble.webp"
    },
    {
      "word": "lawn",
      "image": "lawn.webp"
    },
    {
      "word": "mow",
      "image": "mow.webp"
    },
    {
      "word": "outlaw",
      "image": "outlaw.webp"
    },
    {
      "word": "prospect",
      "image": "prospect.webp"
    },
    {
      "word": "purse",
      "image": "purse.webp"
    },
    {
      "word": "rod",
      "image": "rod.webp"
    },
    {
      "word": "seldom",
      "image": "seldom.webp"
    },
    {
      "word": "shave",
      "image": "shave.webp"
    },
    {
      "word": "terrified",
      "image": "terrified.webp"
    },
    {
      "word": "wizard",
      "image": "wizard.webp"
    },
    {
      "word": "baggage",
      "image": "baggage.webp"
    },
    {
      "word": "bulb",
      "image": "bulb.webp"
    },
    {
      "word": "bundle",
      "image": "bundle.webp"
    },
    {
      "word": "cattle",
      "image": "cattle.webp"
    },
    {
      "word": "flee",
      "image": "flee.webp"
    },
    {
      "word": "graze",
      "image": "graze.webp"
    },
    {
      "word": "greed",
      "image": "greed.webp"
    },
    {
      "word": "herd",
      "image": "herd.webp"
    },
    {
      "word": "initiate",
      "image": "initiate.webp"
    },
    {
      "word": "lane",
      "image": "lane.webp"
    },
    {
      "word": "nerve",
      "image": "nerve.webp"
    },
    {
      "word": "optimist",
      "image": "optimist.webp"
    },
    {
      "word": "parade",
      "image": "parade.webp"
    },
    {
      "word": "pave",
      "image": "pave.webp"
    },
    {
      "word": "phantom",
      "image": "phantom.webp"
    },
    {
      "word": "portable",
      "image": "portable.webp"
    },
    {
      "word": "poster",
      "image": "poster.webp"
    },
    {
      "word": "scratch",
      "image": "scratch.webp"
    },
    {
      "word": "symphony",
      "image": "symphony.webp"
    },
    {
      "word": "widow",
      "image": "widow.webp"
    },
    {
      "word": "alter",
      "image": "alter.webp"
    },
    {
      "word": "aside",
      "image": "aside.webp"
    },
    {
      "word": "autumn",
      "image": "autumn.webp"
    },
    {
      "word": "blend",
      "image": "blend.webp"
    },
    {
      "word": "collapse",
      "image": "collapse.webp"
    },
    {
      "word": "crush",
      "image": "crush.webp"
    },
    {
      "word": "curve",
      "image": "curve.webp"
    },
    {
      "word": "disgusting",
      "image": "disgusting.webp"
    },
    {
      "word": "drain",
      "image": "drain.webp"
    },
    {
      "word": "embrace",
      "image": "embrace.webp"
    },
    {
      "word": "envy",
      "image": "envy.webp"
    },
    {
      "word": "fireworks",
      "image": "fireworks.webp"
    },
    {
      "word": "flour",
      "image": "flour.webp"
    },
    {
      "word": "fuse",
      "image": "fuse.webp"
    },
    {
      "word": "ginger",
      "image": "ginger.webp"
    },
    {
      "word": "jealous",
      "image": "jealous.webp"
    },
    {
      "word": "paste",
      "image": "paste.webp"
    },
    {
      "word": "receipt",
      "image": "receipt.webp"
    },
    {
      "word": "wipe",
      "image": "wipe.webp"
    },
    {
      "word": "wire",
      "image": "wire.webp"
    },
    {
      "word": "acknowledge",
      "image": "acknowledge.webp"
    },
    {
      "word": "ambassador",
      "image": "ambassador.webp"
    },
    {
      "word": "blonde",
      "image": "blonde.webp"
    },
    {
      "word": "conquer",
      "image": "conquer.webp"
    },
    {
      "word": "drag",
      "image": "drag.webp"
    },
    {
      "word": "exaggerate",
      "image": "exaggerate.webp"
    },
    {
      "word": "heritage",
      "image": "heritage.webp"
    },
    {
      "word": "insult",
      "image": "insult.webp"
    },
    {
      "word": "meanwhile",
      "image": "meanwhile.webp"
    },
    {
      "word": "necklace",
      "image": "necklace.webp"
    },
    {
      "word": "noble",
      "image": "noble.webp"
    },
    {
      "word": "precious",
      "image": "precious.webp"
    },
    {
      "word": "prejudice",
      "image": "prejudice.webp"
    },
    {
      "word": "rumor",
      "image": "rumor.webp"
    },
    {
      "word": "sin",
      "image": "sin.webp"
    },
    {
      "word": "spectacle",
      "image": "spectacle.webp"
    },
    {
      "word": "stack",
      "image": "stack.webp"
    },
    {
      "word": "suspicious",
      "image": "suspicious.webp"
    },
    {
      "word": "tin",
      "image": "tin.webp"
    },
    {
      "word": "vase",
      "image": "vase.webp"
    },
    {
      "word": "circulate",
      "image": "circulate.webp"
    },
    {
      "word": "consequent",
      "image": "consequent.webp"
    },
    {
      "word": "derive",
      "image": "derive.webp"
    },
    {
      "word": "drown",
      "image": "drown.webp"
    },
    {
      "word": "dynasty",
      "image": "dynasty.webp"
    },
    {
      "word": "fraction",
      "image": "fraction.webp"
    },
    {
      "word": "frost",
      "image": "frost.webp"
    },
    {
      "word": "illusion",
      "image": "illusion.webp"
    },
    {
      "word": "invade",
      "image": "invade.webp"
    },
    {
      "word": "lieutenant",
      "image": "lieutenant.webp"
    },
    {
      "word": "marine",
      "image": "marine.webp"
    },
    {
      "word": "merit",
      "image": "merit.webp"
    },
    {
      "word": "navy",
      "image": "navy.webp"
    },
    {
      "word": "polar",
      "image": "polar.webp"
    },
    {
      "word": "ray",
      "image": "ray.webp"
    },
    {
      "word": "resign",
      "image": "resign.webp"
    },
    {
      "word": "suicide",
      "image": "suicide.webp"
    },
    {
      "word": "tremble",
      "image": "tremble.webp"
    },
    {
      "word": "underlying",
      "image": "underlying.webp"
    },
    {
      "word": "via",
      "image": "via.webp"
    },
    {
      "word": "ache",
      "image": "ache.webp"
    },
    {
      "word": "arctic",
      "image": "arctic.webp"
    },
    {
      "word": "canal",
      "image": "canal.webp"
    },
    {
      "word": "chemist",
      "image": "chemist.webp"
    },
    {
      "word": "chill",
      "image": "chill.webp"
    },
    {
      "word": "congress",
      "image": "congress.webp"
    },
    {
      "word": "dairy",
      "image": "dairy.webp"
    },
    {
      "word": "descend",
      "image": "descend.webp"
    },
    {
      "word": "grocer",
      "image": "grocer.webp"
    },
    {
      "word": "hesitate",
      "image": "hesitate.webp"
    },
    {
      "word": "institution",
      "image": "institution.webp"
    },
    {
      "word": "jog",
      "image": "jog.webp"
    },
    {
      "word": "merchant",
      "image": "merchant.webp"
    },
    {
      "word": "poke",
      "image": "poke.webp"
    },
    {
      "word": "postpone",
      "image": "postpone.webp"
    },
    {
      "word": "splash",
      "image": "splash.webp"
    },
    {
      "word": "stubborn",
      "image": "stubborn.webp"
    },
    {
      "word": "suburb",
      "image": "suburb.webp"
    },
    {
      "word": "tide",
      "image": "tide.webp"
    },
    {
      "word": "tragedy",
      "image": "tragedy.webp"
    },
    {
      "word": "bomb",
      "image": "bomb.webp"
    },
    {
      "word": "certificate",
      "image": "certificate.webp"
    },
    {
      "word": "circumstance",
      "image": "circumstance.webp"
    },
    {
      "word": "coffin",
      "image": "coffin.webp"
    },
    {
      "word": "cope",
      "image": "cope.webp"
    },
    {
      "word": "criticism",
      "image": "criticism.webp"
    },
    {
      "word": "devastate",
      "image": "devastate.webp"
    },
    {
      "word": "frown",
      "image": "frown.webp"
    },
    {
      "word": "gaze",
      "image": "gaze.webp"
    },
    {
      "word": "glance",
      "image": "glance.webp"
    },
    {
      "word": "grief",
      "image": "grief.webp"
    },
    {
      "word": "groom",
      "image": "groom.webp"
    },
    {
      "word": "license",
      "image": "license.webp"
    },
    {
      "word": "microscope",
      "image": "microscope.webp"
    },
    {
      "word": "nuclear",
      "image": "nuclear.webp"
    },
    {
      "word": "portray",
      "image": "portray.webp"
    },
    {
      "word": "rotate",
      "image": "rotate.webp"
    },
    {
      "word": "souvenir",
      "image": "souvenir.webp"
    },
    {
      "word": "submarine",
      "image": "submarine.webp"
    },
    {
      "word": "trace",
      "image": "trace.webp"
    },
    {
      "word": "appliance",
      "image": "appliance.webp"
    },
    {
      "word": "basin",
      "image": "basin.webp"
    },
    {
      "word": "broom",
      "image": "broom.webp"
    },
    {
      "word": "caterpillar",
      "image": "caterpillar.webp"
    },
    {
      "word": "cupboard",
      "image": "cupboard.webp"
    },
    {
      "word": "delicate",
      "image": "delicate.webp"
    },
    {
      "word": "emerge",
      "image": "emerge.webp"
    },
    {
      "word": "handicap",
      "image": "handicap.webp"
    },
    {
      "word": "hook",
      "image": "hook.webp"
    },
    {
      "word": "hop",
      "image": "hop.webp"
    },
    {
      "word": "laundry",
      "image": "laundry.webp"
    },
    {
      "word": "pursue",
      "image": "pursue.webp"
    },
    {
      "word": "reluctant",
      "image": "reluctant.webp"
    },
    {
      "word": "sleeve",
      "image": "sleeve.webp"
    },
    {
      "word": "spine",
      "image": "spine.webp"
    },
    {
      "word": "stain",
      "image": "stain.webp"
    },
    {
      "word": "strip",
      "image": "strip.webp"
    },
    {
      "word": "swear",
      "image": "swear.webp"
    },
    {
      "word": "swing",
      "image": "swing.webp"
    },
    {
      "word": "utilize",
      "image": "utilize.webp"
    }
  ]
}