{
  "name": "Essential English Words 1.2",
  "words": [
    {
      "word": "allot",
      "image": "allot.webp"
    },
    {
      "word": "appall",
      "image": "appall.webp"
    },
    {
      "word": "cache",
      "image": "cache.webp"
    },
    {
      "word": "convenience",
      "image": "convenience.webp"
    },
    {
      "word": "dearth",
      "image": "dearth.webp"
    },
    {
      "word": "deliberate",
      "image": "deliberate.webp"
    },
    {
      "word": "dire",
      "image": "dire.webp"
    },
    {
      "word": "elapse",
      "image": "elapse.webp"
    },
    {
      "word": "empathy",
      "image": "empathy.webp"
    },
    {
      "word": "fanciful",
      "image": "fanciful.webp"
    },
    {
      "word": "gripe",
      "image": "gripe.webp"
    },
    {
      "word": "grueling",
      "image": "grueling.webp"
    },
    {
      "word": "mundane",
      "image": "mundane.webp"
    },
    {
      "word": "opt",
      "image": "opt.webp"
    },
    {
      "word": "outrage",
      "image": "outrage.webp"
    },
    {
      "word": "paltry",
      "image": "paltry.webp"
    },
    {
      "word": "rectify",
      "image": "rectify.webp"
    },
    {
      "word": "resourceful",
      "image": "resourceful.webp"
    },
    {
      "word": "sustenance",
      "image": "sustenance.webp"
    },
    {
      "word": "tedious",
      "image": "tedious.webp"
    },
    {
      "word": "abbey",
      "image": "abbey.webp"
    },
    {
      "word": "abundant",
      "image": "abundant.webp"
    },
    {
      "word": "adjoin",
      "image": "adjoin.webp"
    },
    {
      "word": "ample",
      "image": "ample.webp"
    },
    {
      "word": "arid",
      "image": "arid.webp"
    },
    {
      "word": "cathedral",
      "image": "cathedral.webp"
    },
    {
      "word": "deprive",
      "image": "deprive.webp"
    },
    {
      "word": "drought",
      "image": "drought.webp"
    },
    {
      "word": "eligible",
      "image": "eligible.webp"
    },
    {
      "word": "fast",
      "image": "fast.webp"
    },
    {
      "word": "grumble",
      "image": "grumble.webp"
    },
    {
      "word": "inland",
      "image": "inland.webp"
    },
    {
      "word": "moisture",
      "image": "moisture.webp"
    },
    {
      "word": "nonetheless",
      "image": "nonetheless.webp"
    },
    {
      "word": "oath",
      "image": "oath.webp"
    },
    {
      "word": "prairie",
      "image": "prairie.webp"
    },
    {
      "word": "ragged",
      "image": "ragged.webp"
    },
    {
      "word": "rugged",
      "image": "rugged.webp"
    },
    {
      "word": "scarce",
      "image": "scarce.webp"
    },
    {
      "word": "speculate",
      "image": "speculate.webp"
    },
    {
      "word": "analytic",
      "image": "analytic.webp"
    },
    {
      "word": "assert",
      "image": "assert.webp"
    },
    {
      "word": "bachelor",
      "image": "bachelor.webp"
    },
    {
      "word": "calculus",
      "image": "calculus.webp"
    },
    {
      "word": "celestial",
      "image": "celestial.webp"
    },
    {
      "word": "cognitive",
      "image": "cognitive.webp"
    },
    {
      "word": "collision",
      "image": "collision.webp"
    },
    {
      "word": "competent",
      "image": "competent.webp"
    },
    {
      "word": "diploma",
      "image": "diploma.webp"
    },
    {
      "word": "excel",
      "image": "excel.webp"
    },
    {
      "word": "geology",
      "image": "geology.webp"
    },
    {
      "word": "harness",
      "image": "harness.webp"
    },
    {
      "word": "intellect",
      "image": "intellect.webp"
    },
    {
      "word": "keen",
      "image": "keen.webp"
    },
    {
      "word": "mythology",
      "image": "mythology.webp"
    },
    {
      "word": "physiology",
      "image": "physiology.webp"
    },
    {
      "word": "radioactive",
      "image": "radioactive.webp"
    },
    {
      "word": "relativity",
      "image": "relativity.webp"
    },
    {
      "word": "sociology",
      "image": "sociology.webp"
    },
    {
      "word": "theoretical",
      "image": "theoretical.webp"
    },
    {
      "word": "administrator",
      "image": "administrator.webp"
    },
    {
      "word": "affluent",
      "image": "affluent.webp"
    },
    {
      "word": "audit",
      "image": "audit.webp"
    },
    {
      "word": "automate",
      "image": "automate.webp"
    },
    {
      "word": "bribe",
      "image": "bribe.webp"
    },
    {
      "word": "corrupt",
      "image": "corrupt.webp"
    },
    {
      "word": "dispose",
      "image": "dispose.webp"
    },
    {
      "word": "headquarters",
      "image": "headquarters.webp"
    },
    {
      "word": "incentive",
      "image": "incentive.webp"
    },
    {
      "word": "infrastructure",
      "image": "infrastructure.webp"
    },
    {
      "word": "legislate",
      "image": "legislate.webp"
    },
    {
      "word": "legitimate",
      "image": "legitimate.webp"
    },
    {
      "word": "manipulate",
      "image": "manipulate.webp"
    },
    {
      "word": "merchandise",
      "image": "merchandise.webp"
    },
    {
      "word": "retail",
      "image": "retail.webp"
    },
    {
      "word": "revenue",
      "image": "revenue.webp"
    },
    {
      "word": "rubbish",
      "image": "rubbish.webp"
    },
    {
      "word": "subsidy",
      "image": "subsidy.webp"
    },
    {
      "word": "transaction",
      "image": "transaction.webp"
    },
    {
      "word": "violate",
      "image": "violate.webp"
    },
    {
      "word": "assess",
      "image": "assess.webp"
    },
    {
      "word": "astonish",
      "image": "astonish.webp"
    },
    {
      "word": "commence",
      "image": "commence.webp"
    },
    {
      "word": "essence",
      "image": "essence.webp"
    },
    {
      "word": "extract",
      "image": "extract.webp"
    },
    {
      "word": "fabulous",
      "image": "fabulous.webp"
    },
    {
      "word": "haste",
      "image": "haste.webp"
    },
    {
      "word": "impulse",
      "image": "impulse.webp"
    },
    {
      "word": "latter",
      "image": "latter.webp"
    },
    {
      "word": "molecule",
      "image": "molecule.webp"
    },
    {
      "word": "ongoing",
      "image": "ongoing.webp"
    },
    {
      "word": "pharmaceutical",
      "image": "pharmaceutical.webp"
    },
    {
      "word": "precise",
      "image": "precise.webp"
    },
    {
      "word": "proximity",
      "image": "proximity.webp"
    },
    {
      "word": "publicity",
      "image": "publicity.webp"
    },
    {
      "word": "remedy",
      "image": "remedy.webp"
    },
    {
      "word": "significance",
      "image": "significance.webp"
    },
    {
      "word": "subsequent",
      "image": "subsequent.webp"
    },
    {
      "word": "synthetic",
      "image": "synthetic.webp"
    },
    {
      "word": "terminal",
      "image": "terminal.webp"
    },
    {
      "word": "altitude",
      "image": "altitude.webp"
    },
    {
      "word": "coastline",
      "image": "coastline.webp"
    },
    {
      "word": "deter",
      "image": "deter.webp"
    },
    {
      "word": "devise",
      "image": "devise.webp"
    },
    {
      "word": "expertise",
      "image": "expertise.webp"
    },
    {
      "word": "fracture",
      "image": "fracture.webp"
    },
    {
      "word": "impair",
      "image": "impair.webp"
    },
    {
      "word": "implement",
      "image": "implement.webp"
    },
    {
      "word": "indigenous",
      "image": "indigenous.webp"
    },
    {
      "word": "insight",
      "image": "insight.webp"
    },
    {
      "word": "limb",
      "image": "limb.webp"
    },
    {
      "word": "migraine",
      "image": "migraine.webp"
    },
    {
      "word": "optimism",
      "image": "optimism.webp"
    },
    {
      "word": "peculiar",
      "image": "peculiar.webp"
    },
    {
      "word": "proficient",
      "image": "proficient.webp"
    },
    {
      "word": "quest",
      "image": "quest.webp"
    },
    {
      "word": "ridge",
      "image": "ridge.webp"
    },
    {
      "word": "spouse",
      "image": "spouse.webp"
    },
    {
      "word": "thrust",
      "image": "thrust.webp"
    },
    {
      "word": "tolerate",
      "image": "tolerate.webp"
    },
    {
      "word": "aquatic",
      "image": "aquatic.webp"
    },
    {
      "word": "biosphere",
      "image": "biosphere.webp"
    },
    {
      "word": "bizarre",
      "image": "bizarre.webp"
    },
    {
      "word": "Celsius",
      "image": "Celsius.webp"
    },
    {
      "word": "coarse",
      "image": "coarse.webp"
    },
    {
      "word": "companion",
      "image": "companion.webp"
    },
    {
      "word": "digest",
      "image": "digest.webp"
    },
    {
      "word": "duration",
      "image": "duration.webp"
    },
    {
      "word": "ecology",
      "image": "ecology.webp"
    },
    {
      "word": "feat",
      "image": "feat.webp"
    },
    {
      "word": "infinite",
      "image": "infinite.webp"
    },
    {
      "word": "nucleus",
      "image": "nucleus.webp"
    },
    {
      "word": "parasite",
      "image": "parasite.webp"
    },
    {
      "word": "prominent",
      "image": "prominent.webp"
    },
    {
      "word": "repetitive",
      "image": "repetitive.webp"
    },
    {
      "word": "reproductive",
      "image": "reproductive.webp"
    },
    {
      "word": "temperate",
      "image": "temperate.webp"
    },
    {
      "word": "tolerance",
      "image": "tolerance.webp"
    },
    {
      "word": "undergo",
      "image": "undergo.webp"
    },
    {
      "word": "vulnerable",
      "image": "vulnerable.webp"
    },
    {
      "word": "adept",
      "image": "adept.webp"
    },
    {
      "word": "barren",
      "image": "barren.webp"
    },
    {
      "word": "ceramic",
      "image": "ceramic.webp"
    },
    {
      "word": "culinary",
      "image": "culinary.webp"
    },
    {
      "word": "dense",
      "image": "dense.webp"
    },
    {
      "word": "dignity",
      "image": "dignity.webp"
    },
    {
      "word": "dominate",
      "image": "dominate.webp"
    },
    {
      "word": "edible",
      "image": "edible.webp"
    },
    {
      "word": "hostile",
      "image": "hostile.webp"
    },
    {
      "word": "intake",
      "image": "intake.webp"
    },
    {
      "word": "likewise",
      "image": "likewise.webp"
    },
    {
      "word": "malnutrition",
      "image": "malnutrition.webp"
    },
    {
      "word": "medication",
      "image": "medication.webp"
    },
    {
      "word": "misconception",
      "image": "misconception.webp"
    },
    {
      "word": "obscure",
      "image": "obscure.webp"
    },
    {
      "word": "oppress",
      "image": "oppress.webp"
    },
    {
      "word": "peel",
      "image": "peel.webp"
    },
    {
      "word": "prescription",
      "image": "prescription.webp"
    },
    {
      "word": "respirator",
      "image": "respirator.webp"
    },
    {
      "word": "strive",
      "image": "strive.webp"
    },
    {
      "word": "archaic",
      "image": "archaic.webp"
    },
    {
      "word": "benevolent",
      "image": "benevolent.webp"
    },
    {
      "word": "brass",
      "image": "brass.webp"
    },
    {
      "word": "capitalism",
      "image": "capitalism.webp"
    },
    {
      "word": "component",
      "image": "component.webp"
    },
    {
      "word": "dependence",
      "image": "dependence.webp"
    },
    {
      "word": "diminish",
      "image": "diminish.webp"
    },
    {
      "word": "drawback",
      "image": "drawback.webp"
    },
    {
      "word": "fad",
      "image": "fad.webp"
    },
    {
      "word": "impose",
      "image": "impose.webp"
    },
    {
      "word": "managerial",
      "image": "managerial.webp"
    },
    {
      "word": "medieval",
      "image": "medieval.webp"
    },
    {
      "word": "obsolete",
      "image": "obsolete.webp"
    },
    {
      "word": "peninsula",
      "image": "peninsula.webp"
    },
    {
      "word": "prestige",
      "image": "prestige.webp"
    },
    {
      "word": "proportion",
      "image": "proportion.webp"
    },
    {
      "word": "radical",
      "image": "radical.webp"
    },
    {
      "word": "refute",
      "image": "refute.webp"
    },
    {
      "word": "spectacular",
      "image": "spectacular.webp"
    },
    {
      "word": "weave",
      "image": "weave.webp"
    },
    {
      "word": "accountant",
      "image": "accountant.webp"
    },
    {
      "word": "capitalist",
      "image": "capitalist.webp"
    },
    {
      "word": "contempt",
      "image": "contempt.webp"
    },
    {
      "word": "dedicate",
      "image": "dedicate.webp"
    },
    {
      "word": "ditch",
      "image": "ditch.webp"
    },
    {
      "word": "enterprise",
      "image": "enterprise.webp"
    },
    {
      "word": "exquisite",
      "image": "exquisite.webp"
    },
    {
      "word": "finance",
      "image": "finance.webp"
    },
    {
      "word": "indifferent",
      "image": "indifferent.webp"
    },
    {
      "word": "irrigate",
      "image": "irrigate.webp"
    },
    {
      "word": "maximize",
      "image": "maximize.webp"
    },
    {
      "word": "monetary",
      "image": "monetary.webp"
    },
    {
      "word": "precaution",
      "image": "precaution.webp"
    },
    {
      "word": "preliminary",
      "image": "preliminary.webp"
    },
    {
      "word": "saturate",
      "image": "saturate.webp"
    },
    {
      "word": "simplicity",
      "image": "simplicity.webp"
    },
    {
      "word": "sow",
      "image": "sow.webp"
    },
    {
      "word": "soy",
      "image": "soy.webp"
    },
    {
      "word": "spade",
      "image": "spade.webp"
    },
    {
      "word": "upcoming",
      "image": "upcoming.webp"
    },
    {
      "word": "acute",
      "image": "acute.webp"
    },
    {
      "word": "aggression",
      "image": "aggression.webp"
    },
    {
      "word": "banquet",
      "image": "banquet.webp"
    },
    {
      "word": "biography",
      "image": "biography.webp"
    },
    {
      "word": "boost",
      "image": "boost.webp"
    },
    {
      "word": "clap",
      "image": "clap.webp"
    },
    {
      "word": "compel",
      "image": "compel.webp"
    },
    {
      "word": "dominance",
      "image": "dominance.webp"
    },
    {
      "word": "gorgeous",
      "image": "gorgeous.webp"
    },
    {
      "word": "inevitable",
      "image": "inevitable.webp"
    },
    {
      "word": "legacy",
      "image": "legacy.webp"
    },
    {
      "word": "masterpiece",
      "image": "masterpiece.webp"
    },
    {
      "word": "multiple",
      "image": "multiple.webp"
    },
    {
      "word": "narrate",
      "image": "narrate.webp"
    },
    {
      "word": "notorious",
      "image": "notorious.webp"
    },
    {
      "word": "outdated",
      "image": "outdated.webp"
    },
    {
      "word": "overall",
      "image": "overall.webp"
    },
    {
      "word": "partiality",
      "image": "partiality.webp"
    },
    {
      "word": "spontaneous",
      "image": "spontaneous.webp"
    },
    {
      "word": "virtue",
      "image": "virtue.webp"
    },
    {
      "word": "anthropology",
      "image": "anthropology.webp"
    },
    {
      "word": "applaud",
      "image": "applaud.webp"
    },
    {
      "word": "appoint",
      "image": "appoint.webp"
    },
    {
      "word": "compatible",
      "image": "compatible.webp"
    },
    {
      "word": "competence",
      "image": "competence.webp"
    },
    {
      "word": "confer",
      "image": "confer.webp"
    },
    {
      "word": "consecutive",
      "image": "consecutive.webp"
    },
    {
      "word": "crude",
      "image": "crude.webp"
    },
    {
      "word": "cube",
      "image": "cube.webp"
    },
    {
      "word": "feedback",
      "image": "feedback.webp"
    },
    {
      "word": "ignorance",
      "image": "ignorance.webp"
    },
    {
      "word": "masculine",
      "image": "masculine.webp"
    },
    {
      "word": "monument",
      "image": "monument.webp"
    },
    {
      "word": "muscular",
      "image": "muscular.webp"
    },
    {
      "word": "posture",
      "image": "posture.webp"
    },
    {
      "word": "situate",
      "image": "situate.webp"
    },
    {
      "word": "supervise",
      "image": "supervise.webp"
    },
    {
      "word": "symmetry",
      "image": "symmetry.webp"
    },
    {
      "word": "tattoo",
      "image": "tattoo.webp"
    },
    {
      "word": "undergraduate",
      "image": "undergraduate.webp"
    },
    {
      "word": "brook",
      "image": "brook.webp"
    },
    {
      "word": "cater",
      "image": "cater.webp"
    },
    {
      "word": "considerate",
      "image": "considerate.webp"
    },
    {
      "word": "consumption",
      "image": "consumption.webp"
    },
    {
      "word": "criteria",
      "image": "criteria.webp"
    },
    {
      "word": "crust",
      "image": "crust.webp"
    },
    {
      "word": "degrade",
      "image": "degrade.webp"
    },
    {
      "word": "entitle",
      "image": "entitle.webp"
    },
    {
      "word": "escort",
      "image": "escort.webp"
    },
    {
      "word": "external",
      "image": "external.webp"
    },
    {
      "word": "facility",
      "image": "facility.webp"
    },
    {
      "word": "faculty",
      "image": "faculty.webp"
    },
    {
      "word": "heap",
      "image": "heap.webp"
    },
    {
      "word": "hemisphere",
      "image": "hemisphere.webp"
    },
    {
      "word": "hound",
      "image": "hound.webp"
    },
    {
      "word": "impersonal",
      "image": "impersonal.webp"
    },
    {
      "word": "ornament",
      "image": "ornament.webp"
    },
    {
      "word": "pedestrian",
      "image": "pedestrian.webp"
    },
    {
      "word": "sanctuary",
      "image": "sanctuary.webp"
    },
    {
      "word": "spectator",
      "image": "spectator.webp"
    },
    {
      "word": "asset",
      "image": "asset.webp"
    },
    {
      "word": "aspect",
      "image": "aspect.webp"
    },
    {
      "word": "Braille",
      "image": "Braille.webp"
    },
    {
      "word": "bud",
      "image": "bud.webp"
    },
    {
      "word": "coordinate",
      "image": "coordinate.webp"
    },
    {
      "word": "disprove",
      "image": "disprove.webp"
    },
    {
      "word": "humanitarian",
      "image": "humanitarian.webp"
    },
    {
      "word": "hypothesis",
      "image": "hypothesis.webp"
    },
    {
      "word": "imprint",
      "image": "imprint.webp"
    },
    {
      "word": "informative",
      "image": "informative.webp"
    },
    {
      "word": "optic",
      "image": "optic.webp"
    },
    {
      "word": "premise",
      "image": "premise.webp"
    },
    {
      "word": "rack",
      "image": "rack.webp"
    },
    {
      "word": "Renaissance",
      "image": "Renaissance.webp"
    },
    {
      "word": "revere",
      "image": "revere.webp"
    },
    {
      "word": "simultaneous",
      "image": "simultaneous.webp"
    },
    {
      "word": "skeptic",
      "image": "skeptic.webp"
    },
    {
      "word": "spatial",
      "image": "spatial.webp"
    },
    {
      "word": "specify",
      "image": "specify.webp"
    },
    {
      "word": "wax",
      "image": "wax.webp"
    },
    {
      "word": "accessory",
      "image": "accessory.webp"
    },
    {
      "word": "acquisition",
      "image": "acquisition.webp"
    },
    {
      "word": "adequate",
      "image": "adequate.webp"
    },
    {
      "word": "cardboard",
      "image": "cardboard.webp"
    },
    {
      "word": "dilemma",
      "image": "dilemma.webp"
    },
    {
      "word": "elaborate",
      "image": "elaborate.webp"
    },
    {
      "word": "facilitate",
      "image": "facilitate.webp"
    },
    {
      "word": "fleet",
      "image": "fleet.webp"
    },
    {
      "word": "grid",
      "image": "grid.webp"
    },
    {
      "word": "import",
      "image": "import.webp"
    },
    {
      "word": "infer",
      "image": "infer.webp"
    },
    {
      "word": "inflate",
      "image": "inflate.webp"
    },
    {
      "word": "innate",
      "image": "innate.webp"
    },
    {
      "word": "marble",
      "image": "marble.webp"
    },
    {
      "word": "mast",
      "image": "mast.webp"
    },
    {
      "word": "nausea",
      "image": "nausea.webp"
    },
    {
      "word": "naval",
      "image": "naval.webp"
    },
    {
      "word": "pouch",
      "image": "pouch.webp"
    },
    {
      "word": "saturated",
      "image": "saturated.webp"
    },
    {
      "word": "update",
      "image": "update.webp"
    },
    {
      "word": "addict",
      "image": "addict.webp"
    },
    {
      "word": "archeological",
      "image": "archeological.webp"
    },
    {
      "word": "archeology",
      "image": "archeology.webp"
    },
    {
      "word": "brainstorm",
      "image": "brainstorm.webp"
    },
    {
      "word": "budget",
      "image": "budget.webp"
    },
    {
      "word": "chaotic",
      "image": "chaotic.webp"
    },
    {
      "word": "cite",
      "image": "cite.webp"
    },
    {
      "word": "correspond",
      "image": "correspond.webp"
    },
    {
      "word": "courtyard",
      "image": "courtyard.webp"
    },
    {
      "word": "estate",
      "image": "estate.webp"
    },
    {
      "word": "fraud",
      "image": "fraud.webp"
    },
    {
      "word": "hydrogen",
      "image": "hydrogen.webp"
    },
    {
      "word": "integrity",
      "image": "integrity.webp"
    },
    {
      "word": "knit",
      "image": "knit.webp"
    },
    {
      "word": "outlook",
      "image": "outlook.webp"
    },
    {
      "word": "parachute",
      "image": "parachute.webp"
    },
    {
      "word": "prehistoric",
      "image": "prehistoric.webp"
    },
    {
      "word": "proponent",
      "image": "proponent.webp"
    },
    {
      "word": "refine",
      "image": "refine.webp"
    },
    {
      "word": "restrict",
      "image": "restrict.webp"
    },
    {
      "word": "attorney",
      "image": "attorney.webp"
    },
    {
      "word": "chronic",
      "image": "chronic.webp"
    },
    {
      "word": "discipline",
      "image": "discipline.webp"
    },
    {
      "word": "donor",
      "image": "donor.webp"
    },
    {
      "word": "fellow",
      "image": "fellow.webp"
    },
    {
      "word": "gossip",
      "image": "gossip.webp"
    },
    {
      "word": "graduate",
      "image": "graduate.webp"
    },
    {
      "word": "graffiti",
      "image": "graffiti.webp"
    },
    {
      "word": "guardian",
      "image": "guardian.webp"
    },
    {
      "word": "implicate",
      "image": "implicate.webp"
    },
    {
      "word": "kin",
      "image": "kin.webp"
    },
    {
      "word": "referee",
      "image": "referee.webp"
    },
    {
      "word": "sever",
      "image": "sever.webp"
    },
    {
      "word": "shaft",
      "image": "shaft.webp"
    },
    {
      "word": "stab",
      "image": "stab.webp"
    },
    {
      "word": "stimulus",
      "image": "stimulus.webp"
    },
    {
      "word": "suspicion",
      "image": "suspicion.webp"
    },
    {
      "word": "terminate",
      "image": "terminate.webp"
    },
    {
      "word": "theme",
      "image": "theme.webp"
    },
    {
      "word": "tuition",
      "image": "tuition.webp"
    },
    {
      "word": "aggressive",
      "image": "aggressive.webp"
    },
    {
      "word": "amnesty",
      "image": "amnesty.webp"
    },
    {
      "word": "arena",
      "image": "arena.webp"
    },
    {
      "word": "auditorium",
      "image": "auditorium.webp"
    },
    {
      "word": "captive",
      "image": "captive.webp"
    },
    {
      "word": "combat",
      "image": "combat.webp"
    },
    {
      "word": "commonplace",
      "image": "commonplace.webp"
    },
    {
      "word": "compound",
      "image": "compound.webp"
    },
    {
      "word": "corps",
      "image": "corps.webp"
    },
    {
      "word": "distract",
      "image": "distract.webp"
    },
    {
      "word": "dumb",
      "image": "dumb.webp"
    },
    {
      "word": "foe",
      "image": "foe.webp"
    },
    {
      "word": "hack",
      "image": "hack.webp"
    },
    {
      "word": "meditate",
      "image": "meditate.webp"
    },
    {
      "word": "nick",
      "image": "nick.webp"
    },
    {
      "word": "provoke",
      "image": "provoke.webp"
    },
    {
      "word": "realm",
      "image": "realm.webp"
    },
    {
      "word": "reign",
      "image": "reign.webp"
    },
    {
      "word": "rust",
      "image": "rust.webp"
    },
    {
      "word": "sacred",
      "image": "sacred.webp"
    },
    {
      "word": "accordingly",
      "image": "accordingly.webp"
    },
    {
      "word": "anchor",
      "image": "anchor.webp"
    },
    {
      "word": "buoy",
      "image": "buoy.webp"
    },
    {
      "word": "catastrophe",
      "image": "catastrophe.webp"
    },
    {
      "word": "context",
      "image": "context.webp"
    },
    {
      "word": "designate",
      "image": "designate.webp"
    },
    {
      "word": "distort",
      "image": "distort.webp"
    },
    {
      "word": "dock",
      "image": "dock.webp"
    },
    {
      "word": "fore",
      "image": "fore.webp"
    },
    {
      "word": "frequent",
      "image": "frequent.webp"
    },
    {
      "word": "genuine",
      "image": "genuine.webp"
    },
    {
      "word": "grease",
      "image": "grease.webp"
    },
    {
      "word": "intricate",
      "image": "intricate.webp"
    },
    {
      "word": "offset",
      "image": "offset.webp"
    },
    {
      "word": "overlap",
      "image": "overlap.webp"
    },
    {
      "word": "precipitate",
      "image": "precipitate.webp"
    },
    {
      "word": "secondhand",
      "image": "secondhand.webp"
    },
    {
      "word": "slot",
      "image": "slot.webp"
    },
    {
      "word": "submerge",
      "image": "submerge.webp"
    },
    {
      "word": "tactic",
      "image": "tactic.webp"
    },
    {
      "word": "aggregate",
      "image": "aggregate.webp"
    },
    {
      "word": "antibiotic",
      "image": "antibiotic.webp"
    },
    {
      "word": "circuit",
      "image": "circuit.webp"
    },
    {
      "word": "complement",
      "image": "complement.webp"
    },
    {
      "word": "compress",
      "image": "compress.webp"
    },
    {
      "word": "database",
      "image": "database.webp"
    },
    {
      "word": "equivalent",
      "image": "equivalent.webp"
    },
    {
      "word": "immune",
      "image": "immune.webp"
    },
    {
      "word": "input",
      "image": "input.webp"
    },
    {
      "word": "intimate",
      "image": "intimate.webp"
    },
    {
      "word": "magnet",
      "image": "magnet.webp"
    },
    {
      "word": "metabolism",
      "image": "metabolism.webp"
    },
    {
      "word": "microchip",
      "image": "microchip.webp"
    },
    {
      "word": "phase",
      "image": "phase.webp"
    },
    {
      "word": "pinch",
      "image": "pinch.webp"
    },
    {
      "word": "prevalent",
      "image": "prevalent.webp"
    },
    {
      "word": "quantum",
      "image": "quantum.webp"
    },
    {
      "word": "ratio",
      "image": "ratio.webp"
    },
    {
      "word": "spiral",
      "image": "spiral.webp"
    },
    {
      "word": "viral",
      "image": "viral.webp"
    },
    {
      "word": "astounded",
      "image": "astounded.webp"
    },
    {
      "word": "attribute",
      "image": "attribute.webp"
    },
    {
      "word": "bilingual",
      "image": "bilingual.webp"
    },
    {
      "word": "clone",
      "image": "clone.webp"
    },
    {
      "word": "colloquial",
      "image": "colloquial.webp"
    },
    {
      "word": "cosmetics",
      "image": "cosmetics.webp"
    },
    {
      "word": "dash",
      "image": "dash.webp"
    },
    {
      "word": "disgust",
      "image": "disgust.webp"
    },
    {
      "word": "fluorescent",
      "image": "fluorescent.webp"
    },
    {
      "word": "furious",
      "image": "furious.webp"
    },
    {
      "word": "gulf",
      "image": "gulf.webp"
    },
    {
      "word": "humanities",
      "image": "humanities.webp"
    },
    {
      "word": "knot",
      "image": "knot.webp"
    },
    {
      "word": "linguist",
      "image": "linguist.webp"
    },
    {
      "word": "participant",
      "image": "participant.webp"
    },
    {
      "word": "plausible",
      "image": "plausible.webp"
    },
    {
      "word": "ritual",
      "image": "ritual.webp"
    },
    {
      "word": "sibling",
      "image": "sibling.webp"
    },
    {
      "word": "skinny",
      "image": "skinny.webp"
    },
    {
      "word": "vague",
      "image": "vague.webp"
    },
    {
      "word": "acid",
      "image": "acid.webp"
    },
    {
      "word": "administration",
      "image": "administration.webp"
    },
    {
      "word": "administrative",
      "image": "administrative.webp"
    },
    {
      "word": "biotechnology",
      "image": "biotechnology.webp"
    },
    {
      "word": "cholesterol",
      "image": "cholesterol.webp"
    },
    {
      "word": "coalition",
      "image": "coalition.webp"
    },
    {
      "word": "deceptive",
      "image": "deceptive.webp"
    },
    {
      "word": "diabetes",
      "image": "diabetes.webp"
    },
    {
      "word": "eliminate",
      "image": "eliminate.webp"
    },
    {
      "word": "erosion",
      "image": "erosion.webp"
    },
    {
      "word": "ethics",
      "image": "ethics.webp"
    },
    {
      "word": "explicit",
      "image": "explicit.webp"
    },
    {
      "word": "framework",
      "image": "framework.webp"
    },
    {
      "word": "manufacture",
      "image": "manufacture.webp"
    },
    {
      "word": "mechanism",
      "image": "mechanism.webp"
    },
    {
      "word": "minimize",
      "image": "minimize.webp"
    },
    {
      "word": "nectar",
      "image": "nectar.webp"
    },
    {
      "word": "notion",
      "image": "notion.webp"
    },
    {
      "word": "prone",
      "image": "prone.webp"
    },
    {
      "word": "straightforward",
      "image": "straightforward.webp"
    },
    {
      "word": "astronomical",
      "image": "astronomical.webp"
    },
    {
      "word": "atom",
      "image": "atom.webp"
    },
    {
      "word": "breadth",
      "image": "breadth.webp"
    },
    {
      "word": "circumference",
      "image": "circumference.webp"
    },
    {
      "word": "comet",
      "image": "comet.webp"
    },
    {
      "word": "crater",
      "image": "crater.webp"
    },
    {
      "word": "crescent",
      "image": "crescent.webp"
    },
    {
      "word": "debris",
      "image": "debris.webp"
    },
    {
      "word": "despair",
      "image": "despair.webp"
    },
    {
      "word": "embed",
      "image": "embed.webp"
    },
    {
      "word": "fragment",
      "image": "fragment.webp"
    },
    {
      "word": "galaxy",
      "image": "galaxy.webp"
    },
    {
      "word": "gigantic",
      "image": "gigantic.webp"
    },
    {
      "word": "gloom",
      "image": "gloom.webp"
    },
    {
      "word": "radiate",
      "image": "radiate.webp"
    },
    {
      "word": "roam",
      "image": "roam.webp"
    },
    {
      "word": "solitary",
      "image": "solitary.webp"
    },
    {
      "word": "spectrum",
      "image": "spectrum.webp"
    },
    {
      "word": "sphere",
      "image": "sphere.webp"
    },
    {
      "word": "status",
      "image": "status.webp"
    },
    {
      "word": "bankrupt",
      "image": "bankrupt.webp"
    },
    {
      "word": "conform",
      "image": "conform.webp"
    },
    {
      "word": "employ",
      "image": "employ.webp"
    },
    {
      "word": "expel",
      "image": "expel.webp"
    },
    {
      "word": "extension",
      "image": "extension.webp"
    },
    {
      "word": "forthcoming",
      "image": "forthcoming.webp"
    },
    {
      "word": "furnish",
      "image": "furnish.webp"
    },
    {
      "word": "hygiene",
      "image": "hygiene.webp"
    },
    {
      "word": "hygienic",
      "image": "hygienic.webp"
    },
    {
      "word": "landlord",
      "image": "landlord.webp"
    },
    {
      "word": "lease",
      "image": "lease.webp"
    },
    {
      "word": "mandatory",
      "image": "mandatory.webp"
    },
    {
      "word": "mend",
      "image": "mend.webp"
    },
    {
      "word": "mortgage",
      "image": "mortgage.webp"
    },
    {
      "word": "personnel",
      "image": "personnel.webp"
    },
    {
      "word": "plumbing",
      "image": "plumbing.webp"
    },
    {
      "word": "tenant",
      "image": "tenant.webp"
    },
    {
      "word": "trendy",
      "image": "trendy.webp"
    },
    {
      "word": "utility",
      "image": "utility.webp"
    },
    {
      "word": "whereby",
      "image": "whereby.webp"
    },
    {
      "word": "aesthetic",
      "image": "aesthetic.webp"
    },
    {
      "word": "arrogant",
      "image": "arrogant.webp"
    },
    {
      "word": "bias",
      "image": "bias.webp"
    },
    {
      "word": "canyon",
      "image": "canyon.webp"
    },
    {
      "word": "creek",
      "image": "creek.webp"
    },
    {
      "word": "drill",
      "image": "drill.webp"
    },
    {
      "word": "executive",
      "image": "executive.webp"
    },
    {
      "word": "fatigue",
      "image": "fatigue.webp"
    },
    {
      "word": "incline",
      "image": "incline.webp"
    },
    {
      "word": "nasty",
      "image": "nasty.webp"
    },
    {
      "word": "perceive",
      "image": "perceive.webp"
    },
    {
      "word": "primate",
      "image": "primate.webp"
    },
    {
      "word": "primitive",
      "image": "primitive.webp"
    },
    {
      "word": "stereotype",
      "image": "stereotype.webp"
    },
    {
      "word": "sticky",
      "image": "sticky.webp"
    },
    {
      "word": "termite",
      "image": "termite.webp"
    },
    {
      "word": "thereby",
      "image": "thereby.webp"
    },
    {
      "word": "trail",
      "image": "trail.webp"
    },
    {
      "word": "twig",
      "image": "twig.webp"
    },
    {
      "word": "welfare",
      "image": "welfare.webp"
    },
    {
      "word": "behalf",
      "image": "behalf.webp"
    },
    {
      "word": "flap",
      "image": "flap.webp"
    },
    {
      "word": "glacier",
      "image": "glacier.webp"
    },
    {
      "word": "globe",
      "image": "globe.webp"
    },
    {
      "word": "horizontal",
      "image": "horizontal.webp"
    },
    {
      "word": "hum",
      "image": "hum.webp"
    },
    {
      "word": "inventory",
      "image": "inventory.webp"
    },
    {
      "word": "inward",
      "image": "inward.webp"
    },
    {
      "word": "loaf",
      "image": "loaf.webp"
    },
    {
      "word": "oracle",
      "image": "oracle.webp"
    },
    {
      "word": "orbit",
      "image": "orbit.webp"
    },
    {
      "word": "overview",
      "image": "overview.webp"
    },
    {
      "word": "preview",
      "image": "preview.webp"
    },
    {
      "word": "previous",
      "image": "previous.webp"
    },
    {
      "word": "provide",
      "image": "provide.webp"
    },
    {
      "word": "recur",
      "image": "recur.webp"
    },
    {
      "word": "relevant",
      "image": "relevant.webp"
    },
    {
      "word": "rite",
      "image": "rite.webp"
    },
    {
      "word": "stall",
      "image": "stall.webp"
    },
    {
      "word": "supernatural",
      "image": "supernatural.webp"
    },
    {
      "word": "adapt",
      "image": "adapt.webp"
    },
    {
      "word": "biological",
      "image": "biological.webp"
    },
    {
      "word": "cellular",
      "image": "cellular.webp"
    },
    {
      "word": "dynamic",
      "image": "dynamic.webp"
    },
    {
      "word": "fantasy",
      "image": "fantasy.webp"
    },
    {
      "word": "heredity",
      "image": "heredity.webp"
    },
    {
      "word": "internal",
      "image": "internal.webp"
    },
    {
      "word": "minimal",
      "image": "minimal.webp"
    },
    {
      "word": "pioneer",
      "image": "pioneer.webp"
    },
    {
      "word": "prescribe",
      "image": "prescribe.webp"
    },
    {
      "word": "respective",
      "image": "respective.webp"
    },
    {
      "word": "revive",
      "image": "revive.webp"
    },
    {
      "word": "rigid",
      "image": "rigid.webp"
    },
    {
      "word": "sequence",
      "image": "sequence.webp"
    },
    {
      "word": "substitute",
      "image": "substitute.webp"
    },
    {
      "word": "surgeon",
      "image": "surgeon.webp"
    },
    {
      "word": "therapy",
      "image": "therapy.webp"
    },
    {
      "word": "transfer",
      "image": "transfer.webp"
    },
    {
      "word": "transition",
      "image": "transition.webp"
    },
    {
      "word": "transplant",
      "image": "transplant.webp"
    },
    {
      "word": "aquarium",
      "image": "aquarium.webp"
    },
    {
      "word": "arbitrary",
      "image": "arbitrary.webp"
    },
    {
      "word": "autobiography",
      "image": "autobiography.webp"
    },
    {
      "word": "convention",
      "image": "convention.webp"
    },
    {
      "word": "gracious",
      "image": "gracious.webp"
    },
    {
      "word": "improve",
      "image": "improve.webp"
    },
    {
      "word": "insulate",
      "image": "insulate.webp"
    },
    {
      "word": "intrigue",
      "image": "intrigue.webp"
    },
    {
      "word": "longevity",
      "image": "longevity.webp"
    },
    {
      "word": "misplace",
      "image": "misplace.webp"
    },
    {
      "word": "naughty",
      "image": "naughty.webp"
    },
    {
      "word": "norm",
      "image": "norm.webp"
    },
    {
      "word": "orangutan",
      "image": "orangutan.webp"
    },
    {
      "word": "overload",
      "image": "overload.webp"
    },
    {
      "word": "philanthropy",
      "image": "philanthropy.webp"
    },
    {
      "word": "probe",
      "image": "probe.webp"
    },
    {
      "word": "recipient",
      "image": "recipient.webp"
    },
    {
      "word": "reptile",
      "image": "reptile.webp"
    },
    {
      "word": "thrive",
      "image": "thrive.webp"
    },
    {
      "word": "ultimate",
      "image": "ultimate.webp"
    },
    {
      "word": "antique",
      "image": "antique.webp"
    },
    {
      "word": "applicant",
      "image": "applicant.webp"
    },
    {
      "word": "artifact",
      "image": "artifact.webp"
    },
    {
      "word": "authentic",
      "image": "authentic.webp"
    },
    {
      "word": "chronology",
      "image": "chronology.webp"
    },
    {
      "word": "diplomat",
      "image": "diplomat.webp"
    },
    {
      "word": "epic",
      "image": "epic.webp"
    },
    {
      "word": "excerpt",
      "image": "excerpt.webp"
    },
    {
      "word": "fossil",
      "image": "fossil.webp"
    },
    {
      "word": "humiliate",
      "image": "humiliate.webp"
    },
    {
      "word": "lyric",
      "image": "lyric.webp"
    },
    {
      "word": "majesty",
      "image": "majesty.webp"
    },
    {
      "word": "monarch",
      "image": "monarch.webp"
    },
    {
      "word": "precede",
      "image": "precede.webp"
    },
    {
      "word": "punctual",
      "image": "punctual.webp"
    },
    {
      "word": "recruit",
      "image": "recruit.webp"
    },
    {
      "word": "refund",
      "image": "refund.webp"
    },
    {
      "word": "register",
      "image": "register.webp"
    },
    {
      "word": "renown",
      "image": "renown.webp"
    },
    {
      "word": "tusk",
      "image": "tusk.webp"
    },
    {
      "word": "burden",
      "image": "burden.webp"
    },
    {
      "word": "compromise",
      "image": "compromise.webp"
    },
    {
      "word": "craft",
      "image": "craft.webp"
    },
    {
      "word": "crook",
      "image": "crook.webp"
    },
    {
      "word": "currency",
      "image": "currency.webp"
    },
    {
      "word": "enigma",
      "image": "enigma.webp"
    },
    {
      "word": "fragile",
      "image": "fragile.webp"
    },
    {
      "word": "hybrid",
      "image": "hybrid.webp"
    },
    {
      "word": "innocence",
      "image": "innocence.webp"
    },
    {
      "word": "merge",
      "image": "merge.webp"
    },
    {
      "word": "moderate",
      "image": "moderate.webp"
    },
    {
      "word": "overwhelm",
      "image": "overwhelm.webp"
    },
    {
      "word": "perception",
      "image": "perception.webp"
    },
    {
      "word": "reunion",
      "image": "reunion.webp"
    },
    {
      "word": "rig",
      "image": "rig.webp"
    },
    {
      "word": "shiver",
      "image": "shiver.webp"
    },
    {
      "word": "sociable",
      "image": "sociable.webp"
    },
    {
      "word": "talkative",
      "image": "talkative.webp"
    },
    {
      "word": "tow",
      "image": "tow.webp"
    },
    {
      "word": "tramp",
      "image": "tramp.webp"
    }
  ]
}