{
  "name": "Essential English Words 1.2",
  "words": [
    {
      "word": "alleviate",
      "image": "alleviate.webp"
    },
    {
      "word": "astrology",
      "image": "astrology.webp"
    },
    {
      "word": "differentiate",
      "image": "differentiate.webp"
    },
    {
      "word": "disrupt",
      "image": "disrupt.webp"
    },
    {
      "word": "equation",
      "image": "equation.webp"
    },
    {
      "word": "err",
      "image": "err.webp"
    },
    {
      "word": "erroneous",
      "image": "erroneous.webp"
    },
    {
      "word": "frantic",
      "image": "frantic.webp"
    },
    {
      "word": "hull",
      "image": "hull.webp"
    },
    {
      "word": "inadvertent",
      "image": "inadvertent.webp"
    },
    {
      "word": "improvise",
      "image": "improvise.webp"
    },
    {
      "word": "latitude",
      "image": "latitude.webp"
    },
    {
      "word": "mariner",
      "image": "mariner.webp"
    },
    {
      "word": "multitude",
      "image": "multitude.webp"
    },
    {
      "word": "nuisance",
      "image": "nuisance.webp"
    },
    {
      "word": "permanence",
      "image": "permanence.webp"
    },
    {
      "word": "revolve",
      "image": "revolve.webp"
    },
    {
      "word": "soothe",
      "image": "soothe.webp"
    },
    {
      "word": "stranded",
      "image": "stranded.webp"
    },
    {
      "word": "volatile",
      "image": "volatile.webp"
    },
    {
      "word": "arduous",
      "image": "arduous.webp"
    },
    {
      "word": "attain",
      "image": "attain.webp"
    },
    {
      "word": "coexist",
      "image": "coexist.webp"
    },
    {
      "word": "conceive",
      "image": "conceive.webp"
    },
    {
      "word": "dubious",
      "image": "dubious.webp"
    },
    {
      "word": "ego",
      "image": "ego.webp"
    },
    {
      "word": "elastic",
      "image": "elastic.webp"
    },
    {
      "word": "endeavor",
      "image": "endeavor.webp"
    },
    {
      "word": "engrave",
      "image": "engrave.webp"
    },
    {
      "word": "excavate",
      "image": "excavate.webp"
    },
    {
      "word": "jagged",
      "image": "jagged.webp"
    },
    {
      "word": "locale",
      "image": "locale.webp"
    },
    {
      "word": "mold",
      "image": "mold.webp"
    },
    {
      "word": "outright",
      "image": "outright.webp"
    },
    {
      "word": "periphery",
      "image": "periphery.webp"
    },
    {
      "word": "plaster",
      "image": "plaster.webp"
    },
    {
      "word": "shovel",
      "image": "shovel.webp"
    },
    {
      "word": "skeletal",
      "image": "skeletal.webp"
    },
    {
      "word": "terrestrial",
      "image": "terrestrial.webp"
    },
    {
      "word": "vicious",
      "image": "vicious.webp"
    },
    {
      "word": "absurd",
      "image": "absurd.webp"
    },
    {
      "word": "anemia",
      "image": "anemia.webp"
    },
    {
      "word": "aristocracy",
      "image": "aristocracy.webp"
    },
    {
      "word": "aristocrat",
      "image": "aristocrat.webp"
    },
    {
      "word": "attire",
      "image": "attire.webp"
    },
    {
      "word": "craze",
      "image": "craze.webp"
    },
    {
      "word": "enlarge",
      "image": "enlarge.webp"
    },
    {
      "word": "excess",
      "image": "excess.webp"
    },
    {
      "word": "feminine",
      "image": "feminine.webp"
    },
    {
      "word": "hallmark",
      "image": "hallmark.webp"
    },
    {
      "word": "pad",
      "image": "pad.webp"
    },
    {
      "word": "predominant",
      "image": "predominant.webp"
    },
    {
      "word": "reputable",
      "image": "reputable.webp"
    },
    {
      "word": "rouge",
      "image": "rouge.webp"
    },
    {
      "word": "signify",
      "image": "signify.webp"
    },
    {
      "word": "strap",
      "image": "strap.webp"
    },
    {
      "word": "tangle",
      "image": "tangle.webp"
    },
    {
      "word": "vanity",
      "image": "vanity.webp"
    },
    {
      "word": "vie",
      "image": "vie.webp"
    },
    {
      "word": "vulgar",
      "image": "vulgar.webp"
    },
    {
      "word": "attic",
      "image": "attic.webp"
    },
    {
      "word": "chunk",
      "image": "chunk.webp"
    },
    {
      "word": "civic",
      "image": "civic.webp"
    },
    {
      "word": "descent",
      "image": "descent.webp"
    },
    {
      "word": "din",
      "image": "din.webp"
    },
    {
      "word": "dissatisfy",
      "image": "dissatisfy.webp"
    },
    {
      "word": "fuss",
      "image": "fuss.webp"
    },
    {
      "word": "gourmet",
      "image": "gourmet.webp"
    },
    {
      "word": "hence",
      "image": "hence.webp"
    },
    {
      "word": "intrinsic",
      "image": "intrinsic.webp"
    },
    {
      "word": "kettle",
      "image": "kettle.webp"
    },
    {
      "word": "ministry",
      "image": "ministry.webp"
    },
    {
      "word": "ordeal",
      "image": "ordeal.webp"
    },
    {
      "word": "outspoken",
      "image": "outspoken.webp"
    },
    {
      "word": "overwork",
      "image": "overwork.webp"
    },
    {
      "word": "particular",
      "image": "particular.webp"
    },
    {
      "word": "pungent",
      "image": "pungent.webp"
    },
    {
      "word": "snore",
      "image": "snore.webp"
    },
    {
      "word": "soundly",
      "image": "soundly.webp"
    },
    {
      "word": "superintendent",
      "image": "superintendent.webp"
    },
    {
      "word": "alternate",
      "image": "alternate.webp"
    },
    {
      "word": "apologetic",
      "image": "apologetic.webp"
    },
    {
      "word": "benign",
      "image": "benign.webp"
    },
    {
      "word": "char",
      "image": "char.webp"
    },
    {
      "word": "clarify",
      "image": "clarify.webp"
    },
    {
      "word": "distress",
      "image": "distress.webp"
    },
    {
      "word": "dogged",
      "image": "dogged.webp"
    },
    {
      "word": "ensue",
      "image": "ensue.webp"
    },
    {
      "word": "gasp",
      "image": "gasp.webp"
    },
    {
      "word": "negotiate",
      "image": "negotiate.webp"
    },
    {
      "word": "overdose",
      "image": "overdose.webp"
    },
    {
      "word": "persuasion",
      "image": "persuasion.webp"
    },
    {
      "word": "relay",
      "image": "relay.webp"
    },
    {
      "word": "reluctance",
      "image": "reluctance.webp"
    },
    {
      "word": "restate",
      "image": "restate.webp"
    },
    {
      "word": "sesame",
      "image": "sesame.webp"
    },
    {
      "word": "sip",
      "image": "sip.webp"
    },
    {
      "word": "verge",
      "image": "verge.webp"
    },
    {
      "word": "wary",
      "image": "wary.webp"
    },
    {
      "word": "waver",
      "image": "waver.webp"
    },
    {
      "word": "ashore",
      "image": "ashore.webp"
    },
    {
      "word": "contradict",
      "image": "contradict.webp"
    },
    {
      "word": "counterpart",
      "image": "counterpart.webp"
    },
    {
      "word": "devoid",
      "image": "devoid.webp"
    },
    {
      "word": "diverge",
      "image": "diverge.webp"
    },
    {
      "word": "elude",
      "image": "elude.webp"
    },
    {
      "word": "embryo",
      "image": "embryo.webp"
    },
    {
      "word": "fend",
      "image": "fend.webp"
    },
    {
      "word": "fictitious",
      "image": "fictitious.webp"
    },
    {
      "word": "gazette",
      "image": "gazette.webp"
    },
    {
      "word": "homogeneous",
      "image": "homogeneous.webp"
    },
    {
      "word": "obstruct",
      "image": "obstruct.webp"
    },
    {
      "word": "plunge",
      "image": "plunge.webp"
    },
    {
      "word": "prolong",
      "image": "prolong.webp"
    },
    {
      "word": "publicize",
      "image": "publicize.webp"
    },
    {
      "word": "sparse",
      "image": "sparse.webp"
    },
    {
      "word": "surplus",
      "image": "surplus.webp"
    },
    {
      "word": "theorize",
      "image": "theorize.webp"
    },
    {
      "word": "verify",
      "image": "verify.webp"
    },
    {
      "word": "vigorous",
      "image": "vigorous.webp"
    },
    {
      "word": "altar",
      "image": "altar.webp"
    },
    {
      "word": "arthritis",
      "image": "arthritis.webp"
    },
    {
      "word": "botany",
      "image": "botany.webp"
    },
    {
      "word": "credible",
      "image": "credible.webp"
    },
    {
      "word": "deceased",
      "image": "deceased.webp"
    },
    {
      "word": "deception",
      "image": "deception.webp"
    },
    {
      "word": "decipher",
      "image": "decipher.webp"
    },
    {
      "word": "dung",
      "image": "dung.webp"
    },
    {
      "word": "dusk",
      "image": "dusk.webp"
    },
    {
      "word": "gratify",
      "image": "gratify.webp"
    },
    {
      "word": "hone",
      "image": "hone.webp"
    },
    {
      "word": "mash",
      "image": "mash.webp"
    },
    {
      "word": "ornate",
      "image": "ornate.webp"
    },
    {
      "word": "pneumonia",
      "image": "pneumonia.webp"
    },
    {
      "word": "psychic",
      "image": "psychic.webp"
    },
    {
      "word": "psychotic",
      "image": "psychotic.webp"
    },
    {
      "word": "scope",
      "image": "scope.webp"
    },
    {
      "word": "sinister",
      "image": "sinister.webp"
    },
    {
      "word": "strife",
      "image": "strife.webp"
    },
    {
      "word": "therapeutic",
      "image": "therapeutic.webp"
    },
    {
      "word": "congested",
      "image": "congested.webp"
    },
    {
      "word": "courier",
      "image": "courier.webp"
    },
    {
      "word": "deform",
      "image": "deform.webp"
    },
    {
      "word": "etiquette",
      "image": "etiquette.webp"
    },
    {
      "word": "exclusive",
      "image": "exclusive.webp"
    },
    {
      "word": "freight",
      "image": "freight.webp"
    },
    {
      "word": "garment",
      "image": "garment.webp"
    },
    {
      "word": "insomnia",
      "image": "insomnia.webp"
    },
    {
      "word": "intuitive",
      "image": "intuitive.webp"
    },
    {
      "word": "liable",
      "image": "liable.webp"
    },
    {
      "word": "obsess",
      "image": "obsess.webp"
    },
    {
      "word": "overboard",
      "image": "overboard.webp"
    },
    {
      "word": "premium",
      "image": "premium.webp"
    },
    {
      "word": "privilege",
      "image": "privilege.webp"
    },
    {
      "word": "propel",
      "image": "propel.webp"
    },
    {
      "word": "socialize",
      "image": "socialize.webp"
    },
    {
      "word": "suppress",
      "image": "suppress.webp"
    },
    {
      "word": "tram",
      "image": "tram.webp"
    },
    {
      "word": "unsettle",
      "image": "unsettle.webp"
    },
    {
      "word": "warp",
      "image": "warp.webp"
    },
    {
      "word": "artery",
      "image": "artery.webp"
    },
    {
      "word": "deterioration",
      "image": "deterioration.webp"
    },
    {
      "word": "elusive",
      "image": "elusive.webp"
    },
    {
      "word": "forage",
      "image": "forage.webp"
    },
    {
      "word": "impede",
      "image": "impede.webp"
    },
    {
      "word": "induce",
      "image": "induce.webp"
    },
    {
      "word": "inseparable",
      "image": "inseparable.webp"
    },
    {
      "word": "invalid",
      "image": "invalid.webp"
    },
    {
      "word": "magnify",
      "image": "magnify.webp"
    },
    {
      "word": "mainstream",
      "image": "mainstream.webp"
    },
    {
      "word": "microbe",
      "image": "microbe.webp"
    },
    {
      "word": "negligible",
      "image": "negligible.webp"
    },
    {
      "word": "paralysis",
      "image": "paralysis.webp"
    },
    {
      "word": "pest",
      "image": "pest.webp"
    },
    {
      "word": "prevail",
      "image": "prevail.webp"
    },
    {
      "word": "respiration",
      "image": "respiration.webp"
    },
    {
      "word": "rupture",
      "image": "rupture.webp"
    },
    {
      "word": "savage",
      "image": "savage.webp"
    },
    {
      "word": "stun",
      "image": "stun.webp"
    },
    {
      "word": "susceptible",
      "image": "susceptible.webp"
    },
    {
      "word": "accumulate",
      "image": "accumulate.webp"
    },
    {
      "word": "aerial",
      "image": "aerial.webp"
    },
    {
      "word": "apparatus",
      "image": "apparatus.webp"
    },
    {
      "word": "avalanche",
      "image": "avalanche.webp"
    },
    {
      "word": "consistency",
      "image": "consistency.webp"
    },
    {
      "word": "convection",
      "image": "convection.webp"
    },
    {
      "word": "discharge",
      "image": "discharge.webp"
    },
    {
      "word": "intact",
      "image": "intact.webp"
    },
    {
      "word": "mortal",
      "image": "mortal.webp"
    },
    {
      "word": "omen",
      "image": "omen.webp"
    },
    {
      "word": "overcast",
      "image": "overcast.webp"
    },
    {
      "word": "poignant",
      "image": "poignant.webp"
    },
    {
      "word": "ranger",
      "image": "ranger.webp"
    },
    {
      "word": "rubble",
      "image": "rubble.webp"
    },
    {
      "word": "seclude",
      "image": "seclude.webp"
    },
    {
      "word": "sideways",
      "image": "sideways.webp"
    },
    {
      "word": "sob",
      "image": "sob.webp"
    },
    {
      "word": "sober",
      "image": "sober.webp"
    },
    {
      "word": "speck",
      "image": "speck.webp"
    },
    {
      "word": "upbringing",
      "image": "upbringing.webp"
    },
    {
      "word": "advocate",
      "image": "advocate.webp"
    },
    {
      "word": "authorize",
      "image": "authorize.webp"
    },
    {
      "word": "civilian",
      "image": "civilian.webp"
    },
    {
      "word": "commodity",
      "image": "commodity.webp"
    },
    {
      "word": "conquest",
      "image": "conquest.webp"
    },
    {
      "word": "disclose",
      "image": "disclose.webp"
    },
    {
      "word": "dynamics",
      "image": "dynamics.webp"
    },
    {
      "word": "enroll",
      "image": "enroll.webp"
    },
    {
      "word": "envious",
      "image": "envious.webp"
    },
    {
      "word": "euphoria",
      "image": "euphoria.webp"
    },
    {
      "word": "festive",
      "image": "festive.webp"
    },
    {
      "word": "jolly",
      "image": "jolly.webp"
    },
    {
      "word": "lentil",
      "image": "lentil.webp"
    },
    {
      "word": "marshal",
      "image": "marshal.webp"
    },
    {
      "word": "morale",
      "image": "morale.webp"
    },
    {
      "word": "prophecy",
      "image": "prophecy.webp"
    },
    {
      "word": "sage",
      "image": "sage.webp"
    },
    {
      "word": "senate",
      "image": "senate.webp"
    },
    {
      "word": "sentiment",
      "image": "sentiment.webp"
    },
    {
      "word": "unrest",
      "image": "unrest.webp"
    },
    {
      "word": "adorn",
      "image": "adorn.webp"
    },
    {
      "word": "bliss",
      "image": "bliss.webp"
    },
    {
      "word": "butler",
      "image": "butler.webp"
    },
    {
      "word": "cramp",
      "image": "cramp.webp"
    },
    {
      "word": "dilapidated",
      "image": "dilapidated.webp"
    },
    {
      "word": "evoke",
      "image": "evoke.webp"
    },
    {
      "word": "farewell",
      "image": "farewell.webp"
    },
    {
      "word": "faucet",
      "image": "faucet.webp"
    },
    {
      "word": "filth",
      "image": "filth.webp"
    },
    {
      "word": "flaw",
      "image": "flaw.webp"
    },
    {
      "word": "grin",
      "image": "grin.webp"
    },
    {
      "word": "housekeeping",
      "image": "housekeeping.webp"
    },
    {
      "word": "mound",
      "image": "mound.webp"
    },
    {
      "word": "numb",
      "image": "numb.webp"
    },
    {
      "word": "reckless",
      "image": "reckless.webp"
    },
    {
      "word": "slate",
      "image": "slate.webp"
    },
    {
      "word": "stool",
      "image": "stool.webp"
    },
    {
      "word": "testament",
      "image": "testament.webp"
    },
    {
      "word": "timber",
      "image": "timber.webp"
    },
    {
      "word": "valve",
      "image": "valve.webp"
    },
    {
      "word": "certify",
      "image": "certify.webp"
    },
    {
      "word": "collaborate",
      "image": "collaborate.webp"
    },
    {
      "word": "compile",
      "image": "compile.webp"
    },
    {
      "word": "counteract",
      "image": "counteract.webp"
    },
    {
      "word": "curb",
      "image": "curb.webp"
    },
    {
      "word": "diagnose",
      "image": "diagnose.webp"
    },
    {
      "word": "enact",
      "image": "enact.webp"
    },
    {
      "word": "federation",
      "image": "federation.webp"
    },
    {
      "word": "gross",
      "image": "gross.webp"
    },
    {
      "word": "humane",
      "image": "humane.webp"
    },
    {
      "word": "intolerable",
      "image": "intolerable.webp"
    },
    {
      "word": "needy",
      "image": "needy.webp"
    },
    {
      "word": "onset",
      "image": "onset.webp"
    },
    {
      "word": "pledge",
      "image": "pledge.webp"
    },
    {
      "word": "prohibit",
      "image": "prohibit.webp"
    },
    {
      "word": "rash",
      "image": "rash.webp"
    },
    {
      "word": "render",
      "image": "render.webp"
    },
    {
      "word": "smallpox",
      "image": "smallpox.webp"
    },
    {
      "word": "transmit",
      "image": "transmit.webp"
    },
    {
      "word": "vow",
      "image": "vow.webp"
    },
    {
      "word": "camouflage",
      "image": "camouflage.webp"
    },
    {
      "word": "contemplate",
      "image": "contemplate.webp"
    },
    {
      "word": "contend",
      "image": "contend.webp"
    },
    {
      "word": "cot",
      "image": "cot.webp"
    },
    {
      "word": "enlist",
      "image": "enlist.webp"
    },
    {
      "word": "frontier",
      "image": "frontier.webp"
    },
    {
      "word": "handbook",
      "image": "handbook.webp"
    },
    {
      "word": "hesitant",
      "image": "hesitant.webp"
    },
    {
      "word": "lush",
      "image": "lush.webp"
    },
    {
      "word": "marrow",
      "image": "marrow.webp"
    },
    {
      "word": "outfit",
      "image": "outfit.webp"
    },
    {
      "word": "paw",
      "image": "paw.webp"
    },
    {
      "word": "quiver",
      "image": "quiver.webp"
    },
    {
      "word": "splendid",
      "image": "splendid.webp"
    },
    {
      "word": "stray",
      "image": "stray.webp"
    },
    {
      "word": "substantial",
      "image": "substantial.webp"
    },
    {
      "word": "torch",
      "image": "torch.webp"
    },
    {
      "word": "tract",
      "image": "tract.webp"
    },
    {
      "word": "vigil",
      "image": "vigil.webp"
    },
    {
      "word": "weary",
      "image": "weary.webp"
    },
    {
      "word": "adhere",
      "image": "adhere.webp"
    },
    {
      "word": "administer",
      "image": "administer.webp"
    },
    {
      "word": "compassionate",
      "image": "compassionate.webp"
    },
    {
      "word": "contaminate",
      "image": "contaminate.webp"
    },
    {
      "word": "deficiency",
      "image": "deficiency.webp"
    },
    {
      "word": "epidemic",
      "image": "epidemic.webp"
    },
    {
      "word": "hazard",
      "image": "hazard.webp"
    },
    {
      "word": "imperative",
      "image": "imperative.webp"
    },
    {
      "word": "intestines",
      "image": "intestines.webp"
    },
    {
      "word": "manifest",
      "image": "manifest.webp"
    },
    {
      "word": "metabolic",
      "image": "metabolic.webp"
    },
    {
      "word": "overcrowded",
      "image": "overcrowded.webp"
    },
    {
      "word": "paramount",
      "image": "paramount.webp"
    },
    {
      "word": "practitioner",
      "image": "practitioner.webp"
    },
    {
      "word": "provision",
      "image": "provision.webp"
    },
    {
      "word": "replenish",
      "image": "replenish.webp"
    },
    {
      "word": "sterile",
      "image": "sterile.webp"
    },
    {
      "word": "upgrade",
      "image": "upgrade.webp"
    },
    {
      "word": "viable",
      "image": "viable.webp"
    },
    {
      "word": "voluntary",
      "image": "voluntary.webp"
    },
    {
      "word": "amid",
      "image": "amid.webp"
    },
    {
      "word": "backstage",
      "image": "backstage.webp"
    },
    {
      "word": "billionaire",
      "image": "billionaire.webp"
    },
    {
      "word": "brute",
      "image": "brute.webp"
    },
    {
      "word": "clumsy",
      "image": "clumsy.webp"
    },
    {
      "word": "collide",
      "image": "collide.webp"
    },
    {
      "word": "culprit",
      "image": "culprit.webp"
    },
    {
      "word": "evacuate",
      "image": "evacuate.webp"
    },
    {
      "word": "flammable",
      "image": "flammable.webp"
    },
    {
      "word": "mob",
      "image": "mob.webp"
    },
    {
      "word": "premature",
      "image": "premature.webp"
    },
    {
      "word": "resent",
      "image": "resent.webp"
    },
    {
      "word": "satire",
      "image": "satire.webp"
    },
    {
      "word": "scrutiny",
      "image": "scrutiny.webp"
    },
    {
      "word": "segregate",
      "image": "segregate.webp"
    },
    {
      "word": "subject",
      "image": "subject.webp"
    },
    {
      "word": "testify",
      "image": "testify.webp"
    },
    {
      "word": "tumult",
      "image": "tumult.webp"
    },
    {
      "word": "underestimate",
      "image": "underestimate.webp"
    },
    {
      "word": "uproar",
      "image": "uproar.webp"
    },
    {
      "word": "accelerate",
      "image": "accelerate.webp"
    },
    {
      "word": "anew",
      "image": "anew.webp"
    },
    {
      "word": "defect",
      "image": "defect.webp"
    },
    {
      "word": "dreary",
      "image": "dreary.webp"
    },
    {
      "word": "duplicate",
      "image": "duplicate.webp"
    },
    {
      "word": "electromagnetic",
      "image": "electromagnetic.webp"
    },
    {
      "word": "electron",
      "image": "electron.webp"
    },
    {
      "word": "glide",
      "image": "glide.webp"
    },
    {
      "word": "ingenious",
      "image": "ingenious.webp"
    },
    {
      "word": "innovation",
      "image": "innovation.webp"
    },
    {
      "word": "innovative",
      "image": "innovative.webp"
    },
    {
      "word": "launch",
      "image": "launch.webp"
    },
    {
      "word": "meteorological",
      "image": "meteorological.webp"
    },
    {
      "word": "meteorology",
      "image": "meteorology.webp"
    },
    {
      "word": "penetrate",
      "image": "penetrate.webp"
    },
    {
      "word": "propulsion",
      "image": "propulsion.webp"
    },
    {
      "word": "simulate",
      "image": "simulate.webp"
    },
    {
      "word": "spur",
      "image": "spur.webp"
    },
    {
      "word": "stimulate",
      "image": "stimulate.webp"
    },
    {
      "word": "tenacious",
      "image": "tenacious.webp"
    },
    {
      "word": "beforehand",
      "image": "beforehand.webp"
    },
    {
      "word": "centigrade",
      "image": "centigrade.webp"
    },
    {
      "word": "chatter",
      "image": "chatter.webp"
    },
    {
      "word": "concerto",
      "image": "concerto.webp"
    },
    {
      "word": "condense",
      "image": "condense.webp"
    },
    {
      "word": "cove",
      "image": "cove.webp"
    },
    {
      "word": "deteriorate",
      "image": "deteriorate.webp"
    },
    {
      "word": "exterior",
      "image": "exterior.webp"
    },
    {
      "word": "freeway",
      "image": "freeway.webp"
    },
    {
      "word": "hearty",
      "image": "hearty.webp"
    },
    {
      "word": "hospitable",
      "image": "hospitable.webp"
    },
    {
      "word": "manor",
      "image": "manor.webp"
    },
    {
      "word": "monastery",
      "image": "monastery.webp"
    },
    {
      "word": "nursery",
      "image": "nursery.webp"
    },
    {
      "word": "outstretched",
      "image": "outstretched.webp"
    },
    {
      "word": "parcel",
      "image": "parcel.webp"
    },
    {
      "word": "profile",
      "image": "profile.webp"
    },
    {
      "word": "vivacious",
      "image": "vivacious.webp"
    },
    {
      "word": "winding",
      "image": "winding.webp"
    },
    {
      "word": "zip",
      "image": "zip.webp"
    },
    {
      "word": "airway",
      "image": "airway.webp"
    },
    {
      "word": "Almighty",
      "image": "Almighty.webp"
    },
    {
      "word": "advent",
      "image": "advent.webp"
    },
    {
      "word": "constellation",
      "image": "constellation.webp"
    },
    {
      "word": "definitive",
      "image": "definitive.webp"
    },
    {
      "word": "equate",
      "image": "equate.webp"
    },
    {
      "word": "inhale",
      "image": "inhale.webp"
    },
    {
      "word": "invoke",
      "image": "invoke.webp"
    },
    {
      "word": "lunar",
      "image": "lunar.webp"
    },
    {
      "word": "novelty",
      "image": "novelty.webp"
    },
    {
      "word": "outmoded",
      "image": "outmoded.webp"
    },
    {
      "word": "personalize",
      "image": "personalize.webp"
    },
    {
      "word": "pertain",
      "image": "pertain.webp"
    },
    {
      "word": "primal",
      "image": "primal.webp"
    },
    {
      "word": "psychiatric",
      "image": "psychiatric.webp"
    },
    {
      "word": "psychiatry",
      "image": "psychiatry.webp"
    },
    {
      "word": "reflex",
      "image": "reflex.webp"
    },
    {
      "word": "seizure",
      "image": "seizure.webp"
    },
    {
      "word": "session",
      "image": "session.webp"
    },
    {
      "word": "utensil",
      "image": "utensil.webp"
    },
    {
      "word": "adhesive",
      "image": "adhesive.webp"
    },
    {
      "word": "adverse",
      "image": "adverse.webp"
    },
    {
      "word": "dependency",
      "image": "dependency.webp"
    },
    {
      "word": "dump",
      "image": "dump.webp"
    },
    {
      "word": "eternal",
      "image": "eternal.webp"
    },
    {
      "word": "fluctuate",
      "image": "fluctuate.webp"
    },
    {
      "word": "fro",
      "image": "fro.webp"
    },
    {
      "word": "inclusion",
      "image": "inclusion.webp"
    },
    {
      "word": "intermediate",
      "image": "intermediate.webp"
    },
    {
      "word": "intermittent",
      "image": "intermittent.webp"
    },
    {
      "word": "mentor",
      "image": "mentor.webp"
    },
    {
      "word": "phoenix",
      "image": "phoenix.webp"
    },
    {
      "word": "photosynthesis",
      "image": "photosynthesis.webp"
    },
    {
      "word": "pollen",
      "image": "pollen.webp"
    },
    {
      "word": "regain",
      "image": "regain.webp"
    },
    {
      "word": "reverse",
      "image": "reverse.webp"
    },
    {
      "word": "swarm",
      "image": "swarm.webp"
    },
    {
      "word": "texture",
      "image": "texture.webp"
    },
    {
      "word": "tickle",
      "image": "tickle.webp"
    },
    {
      "word": "vibrant",
      "image": "vibrant.webp"
    },
    {
      "word": "abolish",
      "image": "abolish.webp"
    },
    {
      "word": "amend",
      "image": "amend.webp"
    },
    {
      "word": "aspire",
      "image": "aspire.webp"
    },
    {
      "word": "censor",
      "image": "censor.webp"
    },
    {
      "word": "charter",
      "image": "charter.webp"
    },
    {
      "word": "constitution",
      "image": "constitution.webp"
    },
    {
      "word": "cosmopolitan",
      "image": "cosmopolitan.webp"
    },
    {
      "word": "disseminate",
      "image": "disseminate.webp"
    },
    {
      "word": "flatter",
      "image": "flatter.webp"
    },
    {
      "word": "infamous",
      "image": "infamous.webp"
    },
    {
      "word": "lame",
      "image": "lame.webp"
    },
    {
      "word": "limp",
      "image": "limp.webp"
    },
    {
      "word": "outburst",
      "image": "outburst.webp"
    },
    {
      "word": "pathological",
      "image": "pathological.webp"
    },
    {
      "word": "phenomenal",
      "image": "phenomenal.webp"
    },
    {
      "word": "poll",
      "image": "poll.webp"
    },
    {
      "word": "remorse",
      "image": "remorse.webp"
    },
    {
      "word": "secrecy",
      "image": "secrecy.webp"
    },
    {
      "word": "tackle",
      "image": "tackle.webp"
    },
    {
      "word": "trance",
      "image": "trance.webp"
    },
    {
      "word": "coward",
      "image": "coward.webp"
    },
    {
      "word": "delete",
      "image": "delete.webp"
    },
    {
      "word": "firsthand",
      "image": "firsthand.webp"
    },
    {
      "word": "earnest",
      "image": "earnest.webp"
    },
    {
      "word": "ethnic",
      "image": "ethnic.webp"
    },
    {
      "word": "exclude",
      "image": "exclude.webp"
    },
    {
      "word": "fluent",
      "image": "fluent.webp"
    },
    {
      "word": "imperial",
      "image": "imperial.webp"
    },
    {
      "word": "inclusive",
      "image": "inclusive.webp"
    },
    {
      "word": "legislature",
      "image": "legislature.webp"
    },
    {
      "word": "linguistic",
      "image": "linguistic.webp"
    },
    {
      "word": "monolingual",
      "image": "monolingual.webp"
    },
    {
      "word": "nationality",
      "image": "nationality.webp"
    },
    {
      "word": "patriot",
      "image": "patriot.webp"
    },
    {
      "word": "prosecute",
      "image": "prosecute.webp"
    },
    {
      "word": "racial",
      "image": "racial.webp"
    },
    {
      "word": "solemn",
      "image": "solemn.webp"
    },
    {
      "word": "solidarity",
      "image": "solidarity.webp"
    },
    {
      "word": "tact",
      "image": "tact.webp"
    },
    {
      "word": "undermine",
      "image": "undermine.webp"
    },
    {
      "word": "allocate",
      "image": "allocate.webp"
    },
    {
      "word": "appetizing",
      "image": "appetizing.webp"
    },
    {
      "word": "blizzard",
      "image": "blizzard.webp"
    },
    {
      "word": "cavity",
      "image": "cavity.webp"
    },
    {
      "word": "clockwise",
      "image": "clockwise.webp"
    },
    {
      "word": "concentric",
      "image": "concentric.webp"
    },
    {
      "word": "courtesy",
      "image": "courtesy.webp"
    },
    {
      "word": "crisp",
      "image": "crisp.webp"
    },
    {
      "word": "discord",
      "image": "discord.webp"
    },
    {
      "word": "frigid",
      "image": "frigid.webp"
    },
    {
      "word": "generate",
      "image": "generate.webp"
    },
    {
      "word": "glacial",
      "image": "glacial.webp"
    },
    {
      "word": "interchange",
      "image": "interchange.webp"
    },
    {
      "word": "locker",
      "image": "locker.webp"
    },
    {
      "word": "multicultural",
      "image": "multicultural.webp"
    },
    {
      "word": "omission",
      "image": "omission.webp"
    },
    {
      "word": "oversee",
      "image": "oversee.webp"
    },
    {
      "word": "pierce",
      "image": "pierce.webp"
    },
    {
      "word": "replicate",
      "image": "replicate.webp"
    },
    {
      "word": "wavy",
      "image": "wavy.webp"
    },
    {
      "word": "abide",
      "image": "abide.webp"
    },
    {
      "word": "conversion",
      "image": "conversion.webp"
    },
    {
      "word": "cram",
      "image": "cram.webp"
    },
    {
      "word": "defer",
      "image": "defer.webp"
    },
    {
      "word": "export",
      "image": "export.webp"
    },
    {
      "word": "fume",
      "image": "fume.webp"
    },
    {
      "word": "habitual",
      "image": "habitual.webp"
    },
    {
      "word": "justify",
      "image": "justify.webp"
    },
    {
      "word": "output",
      "image": "output.webp"
    },
    {
      "word": "overpopulation",
      "image": "overpopulation.webp"
    },
    {
      "word": "patent",
      "image": "patent.webp"
    },
    {
      "word": "penalize",
      "image": "penalize.webp"
    },
    {
      "word": "petroleum",
      "image": "petroleum.webp"
    },
    {
      "word": "prototype",
      "image": "prototype.webp"
    },
    {
      "word": "scrap",
      "image": "scrap.webp"
    },
    {
      "word": "sector",
      "image": "sector.webp"
    },
    {
      "word": "subscribe",
      "image": "subscribe.webp"
    },
    {
      "word": "subsist",
      "image": "subsist.webp"
    },
    {
      "word": "suspend",
      "image": "suspend.webp"
    },
    {
      "word": "synthesis",
      "image": "synthesis.webp"
    },
    {
      "word": "acrobat",
      "image": "acrobat.webp"
    },
    {
      "word": "advocacy",
      "image": "advocacy.webp"
    },
    {
      "word": "communal",
      "image": "communal.webp"
    },
    {
      "word": "fluid",
      "image": "fluid.webp"
    },
    {
      "word": "harmonize",
      "image": "harmonize.webp"
    },
    {
      "word": "industrious",
      "image": "industrious.webp"
    },
    {
      "word": "inventive",
      "image": "inventive.webp"
    },
    {
      "word": "judicial",
      "image": "judicial.webp"
    },
    {
      "word": "Mandarin",
      "image": "Mandarin.webp"
    },
    {
      "word": "metropolitan",
      "image": "metropolitan.webp"
    },
    {
      "word": "mimic",
      "image": "mimic.webp"
    },
    {
      "word": "misguided",
      "image": "misguided.webp"
    },
    {
      "word": "rehearse",
      "image": "rehearse.webp"
    },
    {
      "word": "scorn",
      "image": "scorn.webp"
    },
    {
      "word": "sensory",
      "image": "sensory.webp"
    },
    {
      "word": "staple",
      "image": "staple.webp"
    },
    {
      "word": "statute",
      "image": "statute.webp"
    },
    {
      "word": "veteran",
      "image": "veteran.webp"
    },
    {
      "word": "villain",
      "image": "villain.webp"
    },
    {
      "word": "vine",
      "image": "vine.webp"
    },
    {
      "word": "constrain",
      "image": "constrain.webp"
    },
    {
      "word": "depot",
      "image": "depot.webp"
    },
    {
      "word": "emulate",
      "image": "emulate.webp"
    },
    {
      "word": "forefinger",
      "image": "forefinger.webp"
    },
    {
      "word": "guts",
      "image": "guts.webp"
    },
    {
      "word": "inherent",
      "image": "inherent.webp"
    },
    {
      "word": "intimidate",
      "image": "intimidate.webp"
    },
    {
      "word": "janitor",
      "image": "janitor.webp"
    },
    {
      "word": "moist",
      "image": "moist.webp"
    },
    {
      "word": "nope",
      "image": "nope.webp"
    },
    {
      "word": "prod",
      "image": "prod.webp"
    },
    {
      "word": "ransom",
      "image": "ransom.webp"
    },
    {
      "word": "restrain",
      "image": "restrain.webp"
    },
    {
      "word": "saliva",
      "image": "saliva.webp"
    },
    {
      "word": "spit",
      "image": "spit.webp"
    },
    {
      "word": "sprint",
      "image": "sprint.webp"
    },
    {
      "word": "stunt",
      "image": "stunt.webp"
    },
    {
      "word": "tolerant",
      "image": "tolerant.webp"
    },
    {
      "word": "vampire",
      "image": "vampire.webp"
    },
    {
      "word": "yawn",
      "image": "yawn.webp"
    },
    {
      "word": "analogy",
      "image": "analogy.webp"
    },
    {
      "word": "ancestry",
      "image": "ancestry.webp"
    },
    {
      "word": "archer",
      "image": "archer.webp"
    },
    {
      "word": "conspiracy",
      "image": "conspiracy.webp"
    },
    {
      "word": "deputy",
      "image": "deputy.webp"
    },
    {
      "word": "earl",
      "image": "earl.webp"
    },
    {
      "word": "fragrant",
      "image": "fragrant.webp"
    },
    {
      "word": "funnel",
      "image": "funnel.webp"
    },
    {
      "word": "hereditary",
      "image": "hereditary.webp"
    },
    {
      "word": "hymn",
      "image": "hymn.webp"
    },
    {
      "word": "invert",
      "image": "invert.webp"
    },
    {
      "word": "prey",
      "image": "prey.webp"
    },
    {
      "word": "procession",
      "image": "procession.webp"
    },
    {
      "word": "prophet",
      "image": "prophet.webp"
    },
    {
      "word": "sarcastic",
      "image": "sarcastic.webp"
    },
    {
      "word": "seasoning",
      "image": "seasoning.webp"
    },
    {
      "word": "sodium",
      "image": "sodium.webp"
    },
    {
      "word": "tyranny",
      "image": "tyranny.webp"
    },
    {
      "word": "tyrant",
      "image": "tyrant.webp"
    },
    {
      "word": "vinegar",
      "image": "vinegar.webp"
    },
    {
      "word": "adjoining",
      "image": "adjoining.webp"
    },
    {
      "word": "allege",
      "image": "allege.webp"
    },
    {
      "word": "arch",
      "image": "arch.webp"
    },
    {
      "word": "assemble",
      "image": "assemble.webp"
    },
    {
      "word": "casualty",
      "image": "casualty.webp"
    },
    {
      "word": "erect",
      "image": "erect.webp"
    },
    {
      "word": "foul",
      "image": "foul.webp"
    },
    {
      "word": "hectare",
      "image": "hectare.webp"
    },
    {
      "word": "heighten",
      "image": "heighten.webp"
    },
    {
      "word": "hospitality",
      "image": "hospitality.webp"
    },
    {
      "word": "mansion",
      "image": "mansion.webp"
    },
    {
      "word": "outnumber",
      "image": "outnumber.webp"
    },
    {
      "word": "overjoyed",
      "image": "overjoyed.webp"
    },
    {
      "word": "pasture",
      "image": "pasture.webp"
    },
    {
      "word": "petition",
      "image": "petition.webp"
    },
    {
      "word": "renovate",
      "image": "renovate.webp"
    },
    {
      "word": "revise",
      "image": "revise.webp"
    },
    {
      "word": "slab",
      "image": "slab.webp"
    },
    {
      "word": "terrace",
      "image": "terrace.webp"
    },
    {
      "word": "turf",
      "image": "turf.webp"
    },
    {
      "word": "analogous",
      "image": "analogous.webp"
    },
    {
      "word": "binoculars",
      "image": "binoculars.webp"
    },
    {
      "word": "bulk",
      "image": "bulk.webp"
    },
    {
      "word": "comprise",
      "image": "comprise.webp"
    },
    {
      "word": "depict",
      "image": "depict.webp"
    },
    {
      "word": "dual",
      "image": "dual.webp"
    },
    {
      "word": "Fahrenheit",
      "image": "Fahrenheit.webp"
    },
    {
      "word": "fulfill",
      "image": "fulfill.webp"
    },
    {
      "word": "grove",
      "image": "grove.webp"
    },
    {
      "word": "ore",
      "image": "ore.webp"
    },
    {
      "word": "outback",
      "image": "outback.webp"
    },
    {
      "word": "outweigh",
      "image": "outweigh.webp"
    },
    {
      "word": "paradox",
      "image": "paradox.webp"
    },
    {
      "word": "pier",
      "image": "pier.webp"
    },
    {
      "word": "shortcut",
      "image": "shortcut.webp"
    },
    {
      "word": "tariff",
      "image": "tariff.webp"
    },
    {
      "word": "thermometer",
      "image": "thermometer.webp"
    },
    {
      "word": "tilt",
      "image": "tilt.webp"
    },
    {
      "word": "vice versa",
      "image": "vice versa.webp"
    },
    {
      "word": "whereabouts",
      "image": "whereabouts.webp"
    },
    {
      "word": "amber",
      "image": "amber.webp"
    },
    {
      "word": "charcoal",
      "image": "charcoal.webp"
    },
    {
      "word": "columnist",
      "image": "columnist.webp"
    },
    {
      "word": "courteous",
      "image": "courteous.webp"
    },
    {
      "word": "credentials",
      "image": "credentials.webp"
    },
    {
      "word": "cricket",
      "image": "cricket.webp"
    },
    {
      "word": "delta",
      "image": "delta.webp"
    },
    {
      "word": "detergent",
      "image": "detergent.webp"
    },
    {
      "word": "euphemism",
      "image": "euphemism.webp"
    },
    {
      "word": "expire",
      "image": "expire.webp"
    },
    {
      "word": "granite",
      "image": "granite.webp"
    },
    {
      "word": "gravel",
      "image": "gravel.webp"
    },
    {
      "word": "haunt",
      "image": "haunt.webp"
    },
    {
      "word": "liberal",
      "image": "liberal.webp"
    },
    {
      "word": "maze",
      "image": "maze.webp"
    },
    {
      "word": "moss",
      "image": "moss.webp"
    },
    {
      "word": "pebble",
      "image": "pebble.webp"
    },
    {
      "word": "peck",
      "image": "peck.webp"
    },
    {
      "word": "reservoir",
      "image": "reservoir.webp"
    },
    {
      "word": "streak",
      "image": "streak.webp"
    }
  ]
}