{
  "name": "Essential English Words 1.2",
  "words": [
    {
      "word": "aroma",
      "image": "aroma.webp"
    },
    {
      "word": "beverage",
      "image": "beverage.webp"
    },
    {
      "word": "cluster",
      "image": "cluster.webp"
    },
    {
      "word": "combine",
      "image": "combine.webp"
    },
    {
      "word": "condensed",
      "image": "condensed.webp"
    },
    {
      "word": "contemporary",
      "image": "contemporary.webp"
    },
    {
      "word": "cultivate",
      "image": "cultivate.webp"
    },
    {
      "word": "divine",
      "image": "divine.webp"
    },
    {
      "word": "humid",
      "image": "humid.webp"
    },
    {
      "word": "odor",
      "image": "odor.webp"
    },
    {
      "word": "palate",
      "image": "palate.webp"
    },
    {
      "word": "paradise",
      "image": "paradise.webp"
    },
    {
      "word": "plantation",
      "image": "plantation.webp"
    },
    {
      "word": "rapid",
      "image": "rapid.webp"
    },
    {
      "word": "rate",
      "image": "rate.webp"
    },
    {
      "word": "soothing",
      "image": "soothing.webp"
    },
    {
      "word": "subtle",
      "image": "subtle.webp"
    },
    {
      "word": "texture",
      "image": "texture.webp"
    },
    {
      "word": "toxic",
      "image": "toxic.webp"
    },
    {
      "word": "vary",
      "image": "vary.webp"
    },
    {
      "word": "accident",
      "image": "accident.webp"
    },
    {
      "word": "admiral",
      "image": "admiral.webp"
    },
    {
      "word": "arc",
      "image": "arc.webp"
    },
    {
      "word": "character",
      "image": "character.webp"
    },
    {
      "word": "conscience",
      "image": "conscience.webp"
    },
    {
      "word": "fiery",
      "image": "fiery.webp"
    },
    {
      "word": "flesh",
      "image": "flesh.webp"
    },
    {
      "word": "grapefruit",
      "image": "grapefruit.webp"
    },
    {
      "word": "hay",
      "image": "hay.webp"
    },
    {
      "word": "horrified",
      "image": "horrified.webp"
    },
    {
      "word": "kerosene",
      "image": "kerosene.webp"
    },
    {
      "word": "loop",
      "image": "loop.webp"
    },
    {
      "word": "paddle",
      "image": "paddle.webp"
    },
    {
      "word": "raft",
      "image": "raft.webp"
    },
    {
      "word": "sour",
      "image": "sour.webp"
    },
    {
      "word": "stake",
      "image": "stake.webp"
    },
    {
      "word": "steward",
      "image": "steward.webp"
    },
    {
      "word": "string",
      "image": "string.webp"
    },
    {
      "word": "thorn",
      "image": "thorn.webp"
    },
    {
      "word": "wreck",
      "image": "wreck.webp"
    },
    {
      "word": "admonish",
      "image": "admonish.webp"
    },
    {
      "word": "audible",
      "image": "audible.webp"
    },
    {
      "word": "awesome",
      "image": "awesome.webp"
    },
    {
      "word": "beware",
      "image": "beware.webp"
    },
    {
      "word": "brag",
      "image": "brag.webp"
    },
    {
      "word": "conscious",
      "image": "conscious.webp"
    },
    {
      "word": "disagree",
      "image": "disagree.webp"
    },
    {
      "word": "echo",
      "image": "echo.webp"
    },
    {
      "word": "eventual",
      "image": "eventual.webp"
    },
    {
      "word": "hint",
      "image": "hint.webp"
    },
    {
      "word": "idiot",
      "image": "idiot.webp"
    },
    {
      "word": "immense",
      "image": "immense.webp"
    },
    {
      "word": "indirect",
      "image": "indirect.webp"
    },
    {
      "word": "option",
      "image": "option.webp"
    },
    {
      "word": "pastime",
      "image": "pastime.webp"
    },
    {
      "word": "perfect",
      "image": "perfect.webp"
    },
    {
      "word": "pinpoint",
      "image": "pinpoint.webp"
    },
    {
      "word": "switch",
      "image": "switch.webp"
    },
    {
      "word": "thorough",
      "image": "thorough.webp"
    },
    {
      "word": "torment",
      "image": "torment.webp"
    },
    {
      "word": "beak",
      "image": "beak.webp"
    },
    {
      "word": "damp",
      "image": "damp.webp"
    },
    {
      "word": "disapprove",
      "image": "disapprove.webp"
    },
    {
      "word": "except",
      "image": "except.webp"
    },
    {
      "word": "flight",
      "image": "flight.webp"
    },
    {
      "word": "fond",
      "image": "fond.webp"
    },
    {
      "word": "immoral",
      "image": "immoral.webp"
    },
    {
      "word": "ivy",
      "image": "ivy.webp"
    },
    {
      "word": "moan",
      "image": "moan.webp"
    },
    {
      "word": "oblivious",
      "image": "oblivious.webp"
    },
    {
      "word": "perish",
      "image": "perish.webp"
    },
    {
      "word": "pit",
      "image": "pit.webp"
    },
    {
      "word": "rim",
      "image": "rim.webp"
    },
    {
      "word": "roost",
      "image": "roost.webp"
    },
    {
      "word": "slippery",
      "image": "slippery.webp"
    },
    {
      "word": "soar",
      "image": "soar.webp"
    },
    {
      "word": "trivial",
      "image": "trivial.webp"
    },
    {
      "word": "typical",
      "image": "typical.webp"
    },
    {
      "word": "utterly",
      "image": "utterly.webp"
    },
    {
      "word": "weep",
      "image": "weep.webp"
    },
    {
      "word": "awhile",
      "image": "awhile.webp"
    },
    {
      "word": "cyberspace",
      "image": "cyberspace.webp"
    },
    {
      "word": "edit",
      "image": "edit.webp"
    },
    {
      "word": "essay",
      "image": "essay.webp"
    },
    {
      "word": "evaluate",
      "image": "evaluate.webp"
    },
    {
      "word": "faint",
      "image": "faint.webp"
    },
    {
      "word": "global",
      "image": "global.webp"
    },
    {
      "word": "gymnasium",
      "image": "gymnasium.webp"
    },
    {
      "word": "highlight",
      "image": "highlight.webp"
    },
    {
      "word": "ignorant",
      "image": "ignorant.webp"
    },
    {
      "word": "index",
      "image": "index.webp"
    },
    {
      "word": "lecture",
      "image": "lecture.webp"
    },
    {
      "word": "moral",
      "image": "moral.webp"
    },
    {
      "word": "operate",
      "image": "operate.webp"
    },
    {
      "word": "private",
      "image": "private.webp"
    },
    {
      "word": "recent",
      "image": "recent.webp"
    },
    {
      "word": "resolution",
      "image": "resolution.webp"
    },
    {
      "word": "semester",
      "image": "semester.webp"
    },
    {
      "word": "typewritten",
      "image": "typewritten.webp"
    },
    {
      "word": "weird",
      "image": "weird.webp"
    },
    {
      "word": "absolute",
      "image": "absolute.webp"
    },
    {
      "word": "alas",
      "image": "alas.webp"
    },
    {
      "word": "attentive",
      "image": "attentive.webp"
    },
    {
      "word": "cape",
      "image": "cape.webp"
    },
    {
      "word": "envision",
      "image": "envision.webp"
    },
    {
      "word": "evenly",
      "image": "evenly.webp"
    },
    {
      "word": "folk",
      "image": "folk.webp"
    },
    {
      "word": "melt",
      "image": "melt.webp"
    },
    {
      "word": "patch",
      "image": "patch.webp"
    },
    {
      "word": "pleasure",
      "image": "pleasure.webp"
    },
    {
      "word": "pop",
      "image": "pop.webp"
    },
    {
      "word": "pudding",
      "image": "pudding.webp"
    },
    {
      "word": "rail",
      "image": "rail.webp"
    },
    {
      "word": "recipe",
      "image": "recipe.webp"
    },
    {
      "word": "role",
      "image": "role.webp"
    },
    {
      "word": "shrink",
      "image": "shrink.webp"
    },
    {
      "word": "soak",
      "image": "soak.webp"
    },
    {
      "word": "spark",
      "image": "spark.webp"
    },
    {
      "word": "spirit",
      "image": "spirit.webp"
    },
    {
      "word": "suit",
      "image": "suit.webp"
    },
    {
      "word": "account",
      "image": "account.webp"
    },
    {
      "word": "architect",
      "image": "architect.webp"
    },
    {
      "word": "conceal",
      "image": "conceal.webp"
    },
    {
      "word": "crime",
      "image": "crime.webp"
    },
    {
      "word": "deed",
      "image": "deed.webp"
    },
    {
      "word": "gratitude",
      "image": "gratitude.webp"
    },
    {
      "word": "habitat",
      "image": "habitat.webp"
    },
    {
      "word": "intervene",
      "image": "intervene.webp"
    },
    {
      "word": "landmark",
      "image": "landmark.webp"
    },
    {
      "word": "legal",
      "image": "legal.webp"
    },
    {
      "word": "memorable",
      "image": "memorable.webp"
    },
    {
      "word": "oblige",
      "image": "oblige.webp"
    },
    {
      "word": "offence",
      "image": "offence.webp"
    },
    {
      "word": "proclaim",
      "image": "proclaim.webp"
    },
    {
      "word": "rally",
      "image": "rally.webp"
    },
    {
      "word": "resolve",
      "image": "resolve.webp"
    },
    {
      "word": "resource",
      "image": "resource.webp"
    },
    {
      "word": "sentence",
      "image": "sentence.webp"
    },
    {
      "word": "volunteer",
      "image": "volunteer.webp"
    },
    {
      "word": "witness",
      "image": "witness.webp"
    },
    {
      "word": "access",
      "image": "access.webp"
    },
    {
      "word": "conduct",
      "image": "conduct.webp"
    },
    {
      "word": "constant",
      "image": "constant.webp"
    },
    {
      "word": "crack",
      "image": "crack.webp"
    },
    {
      "word": "device",
      "image": "device.webp"
    },
    {
      "word": "enclose",
      "image": "enclose.webp"
    },
    {
      "word": "grip",
      "image": "grip.webp"
    },
    {
      "word": "halt",
      "image": "halt.webp"
    },
    {
      "word": "impending",
      "image": "impending.webp"
    },
    {
      "word": "influence",
      "image": "influence.webp"
    },
    {
      "word": "law",
      "image": "law.webp"
    },
    {
      "word": "mode",
      "image": "mode.webp"
    },
    {
      "word": "perspire",
      "image": "perspire.webp"
    },
    {
      "word": "replace",
      "image": "replace.webp"
    },
    {
      "word": "snap",
      "image": "snap.webp"
    },
    {
      "word": "sly",
      "image": "sly.webp"
    },
    {
      "word": "tend",
      "image": "tend.webp"
    },
    {
      "word": "valid",
      "image": "valid.webp"
    },
    {
      "word": "version",
      "image": "version.webp"
    },
    {
      "word": "whatsoever",
      "image": "whatsoever.webp"
    },
    {
      "word": "alongside",
      "image": "alongside.webp"
    },
    {
      "word": "appetite",
      "image": "appetite.webp"
    },
    {
      "word": "assist",
      "image": "assist.webp"
    },
    {
      "word": "breeze",
      "image": "breeze.webp"
    },
    {
      "word": "defy",
      "image": "defy.webp"
    },
    {
      "word": "display",
      "image": "display.webp"
    },
    {
      "word": "efficient",
      "image": "efficient.webp"
    },
    {
      "word": "feeble",
      "image": "feeble.webp"
    },
    {
      "word": "forgive",
      "image": "forgive.webp"
    },
    {
      "word": "lively",
      "image": "lively.webp"
    },
    {
      "word": "majestic",
      "image": "majestic.webp"
    },
    {
      "word": "nor",
      "image": "nor.webp"
    },
    {
      "word": "outraged",
      "image": "outraged.webp"
    },
    {
      "word": "pessimistic",
      "image": "pessimistic.webp"
    },
    {
      "word": "rumor",
      "image": "rumor.webp"
    },
    {
      "word": "slap",
      "image": "slap.webp"
    },
    {
      "word": "smash",
      "image": "smash.webp"
    },
    {
      "word": "subject",
      "image": "subject.webp"
    },
    {
      "word": "wage",
      "image": "wage.webp"
    },
    {
      "word": "whereas",
      "image": "whereas.webp"
    },
    {
      "word": "animate",
      "image": "animate.webp"
    },
    {
      "word": "classify",
      "image": "classify.webp"
    },
    {
      "word": "concede",
      "image": "concede.webp"
    },
    {
      "word": "concept",
      "image": "concept.webp"
    },
    {
      "word": "construct",
      "image": "construct.webp"
    },
    {
      "word": "decade",
      "image": "decade.webp"
    },
    {
      "word": "diagram",
      "image": "diagram.webp"
    },
    {
      "word": "ferry",
      "image": "ferry.webp"
    },
    {
      "word": "handy",
      "image": "handy.webp"
    },
    {
      "word": "isolate",
      "image": "isolate.webp"
    },
    {
      "word": "longing",
      "image": "longing.webp"
    },
    {
      "word": "numerous",
      "image": "numerous.webp"
    },
    {
      "word": "particle",
      "image": "particle.webp"
    },
    {
      "word": "plea",
      "image": "plea.webp"
    },
    {
      "word": "refrain",
      "image": "refrain.webp"
    },
    {
      "word": "review",
      "image": "review.webp"
    },
    {
      "word": "sophisticated",
      "image": "sophisticated.webp"
    },
    {
      "word": "surrender",
      "image": "surrender.webp"
    },
    {
      "word": "upright",
      "image": "upright.webp"
    },
    {
      "word": "worthwhile",
      "image": "worthwhile.webp"
    },
    {
      "word": "alliance",
      "image": "alliance.webp"
    },
    {
      "word": "applause",
      "image": "applause.webp"
    },
    {
      "word": "armed",
      "image": "armed.webp"
    },
    {
      "word": "authoritative",
      "image": "authoritative.webp"
    },
    {
      "word": "ceremony",
      "image": "ceremony.webp"
    },
    {
      "word": "culture",
      "image": "culture.webp"
    },
    {
      "word": "defense",
      "image": "defense.webp"
    },
    {
      "word": "detail",
      "image": "detail.webp"
    },
    {
      "word": "diverse",
      "image": "diverse.webp"
    },
    {
      "word": "enchant",
      "image": "enchant.webp"
    },
    {
      "word": "equip",
      "image": "equip.webp"
    },
    {
      "word": "exception",
      "image": "exception.webp"
    },
    {
      "word": "genre",
      "image": "genre.webp"
    },
    {
      "word": "impact",
      "image": "impact.webp"
    },
    {
      "word": "lure",
      "image": "lure.webp"
    },
    {
      "word": "obstacle",
      "image": "obstacle.webp"
    },
    {
      "word": "shelter",
      "image": "shelter.webp"
    },
    {
      "word": "sort",
      "image": "sort.webp"
    },
    {
      "word": "supply",
      "image": "supply.webp"
    },
    {
      "word": "vain",
      "image": "vain.webp"
    },
    {
      "word": "alternative",
      "image": "alternative.webp"
    },
    {
      "word": "avenue",
      "image": "avenue.webp"
    },
    {
      "word": "belly",
      "image": "belly.webp"
    },
    {
      "word": "bid",
      "image": "bid.webp"
    },
    {
      "word": "blow",
      "image": "blow.webp"
    },
    {
      "word": "conflict",
      "image": "conflict.webp"
    },
    {
      "word": "continent",
      "image": "continent.webp"
    },
    {
      "word": "current",
      "image": "current.webp"
    },
    {
      "word": "disrespect",
      "image": "disrespect.webp"
    },
    {
      "word": "enthusiasm",
      "image": "enthusiasm.webp"
    },
    {
      "word": "harsh",
      "image": "harsh.webp"
    },
    {
      "word": "lean",
      "image": "lean.webp"
    },
    {
      "word": "meantime",
      "image": "meantime.webp"
    },
    {
      "word": "mischief",
      "image": "mischief.webp"
    },
    {
      "word": "muscle",
      "image": "muscle.webp"
    },
    {
      "word": "rescue",
      "image": "rescue.webp"
    },
    {
      "word": "succession",
      "image": "succession.webp"
    },
    {
      "word": "terrain",
      "image": "terrain.webp"
    },
    {
      "word": "timid",
      "image": "timid.webp"
    },
    {
      "word": "violence",
      "image": "violence.webp"
    },
    {
      "word": "affect",
      "image": "affect.webp"
    },
    {
      "word": "autograph",
      "image": "autograph.webp"
    },
    {
      "word": "bead",
      "image": "bead.webp"
    },
    {
      "word": "brew",
      "image": "brew.webp"
    },
    {
      "word": "charm",
      "image": "charm.webp"
    },
    {
      "word": "destiny",
      "image": "destiny.webp"
    },
    {
      "word": "horn",
      "image": "horn.webp"
    },
    {
      "word": "irritable",
      "image": "irritable.webp"
    },
    {
      "word": "lag",
      "image": "lag.webp"
    },
    {
      "word": "maximize",
      "image": "maximize.webp"
    },
    {
      "word": "nightmare",
      "image": "nightmare.webp"
    },
    {
      "word": "nutritious",
      "image": "nutritious.webp"
    },
    {
      "word": "protein",
      "image": "protein.webp"
    },
    {
      "word": "signature",
      "image": "signature.webp"
    },
    {
      "word": "stuff",
      "image": "stuff.webp"
    },
    {
      "word": "subconscious",
      "image": "subconscious.webp"
    },
    {
      "word": "van",
      "image": "van.webp"
    },
    {
      "word": "warn",
      "image": "warn.webp"
    },
    {
      "word": "workout",
      "image": "workout.webp"
    },
    {
      "word": "zoom",
      "image": "zoom.webp"
    },
    {
      "word": "brick",
      "image": "brick.webp"
    },
    {
      "word": "crumble",
      "image": "crumble.webp"
    },
    {
      "word": "dough",
      "image": "dough.webp"
    },
    {
      "word": "express",
      "image": "express.webp"
    },
    {
      "word": "fist",
      "image": "fist.webp"
    },
    {
      "word": "flexible",
      "image": "flexible.webp"
    },
    {
      "word": "flush",
      "image": "flush.webp"
    },
    {
      "word": "injure",
      "image": "injure.webp"
    },
    {
      "word": "lump",
      "image": "lump.webp"
    },
    {
      "word": "mixture",
      "image": "mixture.webp"
    },
    {
      "word": "reconcile",
      "image": "reconcile.webp"
    },
    {
      "word": "ruin",
      "image": "ruin.webp"
    },
    {
      "word": "shatter",
      "image": "shatter.webp"
    },
    {
      "word": "shutter",
      "image": "shutter.webp"
    },
    {
      "word": "sift",
      "image": "sift.webp"
    },
    {
      "word": "slight",
      "image": "slight.webp"
    },
    {
      "word": "sparkle",
      "image": "sparkle.webp"
    },
    {
      "word": "sprinkle",
      "image": "sprinkle.webp"
    },
    {
      "word": "stale",
      "image": "stale.webp"
    },
    {
      "word": "utter",
      "image": "utter.webp"
    },
    {
      "word": "although",
      "image": "although.webp"
    },
    {
      "word": "apply",
      "image": "apply.webp"
    },
    {
      "word": "await",
      "image": "await.webp"
    },
    {
      "word": "beloved",
      "image": "beloved.webp"
    },
    {
      "word": "bury",
      "image": "bury.webp"
    },
    {
      "word": "climate",
      "image": "climate.webp"
    },
    {
      "word": "complain",
      "image": "complain.webp"
    },
    {
      "word": "confuse",
      "image": "confuse.webp"
    },
    {
      "word": "due",
      "image": "due.webp"
    },
    {
      "word": "entire",
      "image": "entire.webp"
    },
    {
      "word": "establish",
      "image": "establish.webp"
    },
    {
      "word": "furnace",
      "image": "furnace.webp"
    },
    {
      "word": "leash",
      "image": "leash.webp"
    },
    {
      "word": "mature",
      "image": "mature.webp"
    },
    {
      "word": "measure",
      "image": "measure.webp"
    },
    {
      "word": "midst",
      "image": "midst.webp"
    },
    {
      "word": "misery",
      "image": "misery.webp"
    },
    {
      "word": "prior",
      "image": "prior.webp"
    },
    {
      "word": "research",
      "image": "research.webp"
    },
    {
      "word": "variety",
      "image": "variety.webp"
    },
    {
      "word": "altogether",
      "image": "altogether.webp"
    },
    {
      "word": "bind",
      "image": "bind.webp"
    },
    {
      "word": "bruise",
      "image": "bruise.webp"
    },
    {
      "word": "custom",
      "image": "custom.webp"
    },
    {
      "word": "disobedient",
      "image": "disobedient.webp"
    },
    {
      "word": "foresee",
      "image": "foresee.webp"
    },
    {
      "word": "glimpse",
      "image": "glimpse.webp"
    },
    {
      "word": "hoop",
      "image": "hoop.webp"
    },
    {
      "word": "misfortune",
      "image": "misfortune.webp"
    },
    {
      "word": "negative",
      "image": "negative.webp"
    },
    {
      "word": "per",
      "image": "per.webp"
    },
    {
      "word": "plead",
      "image": "plead.webp"
    },
    {
      "word": "rip",
      "image": "rip.webp"
    },
    {
      "word": "sake",
      "image": "sake.webp"
    },
    {
      "word": "scrape",
      "image": "scrape.webp"
    },
    {
      "word": "source",
      "image": "source.webp"
    },
    {
      "word": "stern",
      "image": "stern.webp"
    },
    {
      "word": "stitch",
      "image": "stitch.webp"
    },
    {
      "word": "thump",
      "image": "thump.webp"
    },
    {
      "word": "vehement",
      "image": "vehement.webp"
    },
    {
      "word": "civilization",
      "image": "civilization.webp"
    },
    {
      "word": "convenient",
      "image": "convenient.webp"
    },
    {
      "word": "den",
      "image": "den.webp"
    },
    {
      "word": "dew",
      "image": "dew.webp"
    },
    {
      "word": "drastic",
      "image": "drastic.webp"
    },
    {
      "word": "exit",
      "image": "exit.webp"
    },
    {
      "word": "flock",
      "image": "flock.webp"
    },
    {
      "word": "fold",
      "image": "fold.webp"
    },
    {
      "word": "lid",
      "image": "lid.webp"
    },
    {
      "word": "loom",
      "image": "loom.webp"
    },
    {
      "word": "mighty",
      "image": "mighty.webp"
    },
    {
      "word": "mushroom",
      "image": "mushroom.webp"
    },
    {
      "word": "native",
      "image": "native.webp"
    },
    {
      "word": "poison",
      "image": "poison.webp"
    },
    {
      "word": "reed",
      "image": "reed.webp"
    },
    {
      "word": "shield",
      "image": "shield.webp"
    },
    {
      "word": "stormy",
      "image": "stormy.webp"
    },
    {
      "word": "sway",
      "image": "sway.webp"
    },
    {
      "word": "urban",
      "image": "urban.webp"
    },
    {
      "word": "wade",
      "image": "wade.webp"
    },
    {
      "word": "accent",
      "image": "accent.webp"
    },
    {
      "word": "barber",
      "image": "barber.webp"
    },
    {
      "word": "basement",
      "image": "basement.webp"
    },
    {
      "word": "blank",
      "image": "blank.webp"
    },
    {
      "word": "blink",
      "image": "blink.webp"
    },
    {
      "word": "choir",
      "image": "choir.webp"
    },
    {
      "word": "comic",
      "image": "comic.webp"
    },
    {
      "word": "complicate",
      "image": "complicate.webp"
    },
    {
      "word": "decline",
      "image": "decline.webp"
    },
    {
      "word": "errand",
      "image": "errand.webp"
    },
    {
      "word": "glove",
      "image": "glove.webp"
    },
    {
      "word": "hermit",
      "image": "hermit.webp"
    },
    {
      "word": "justly",
      "image": "justly.webp"
    },
    {
      "word": "leather",
      "image": "leather.webp"
    },
    {
      "word": "ponder",
      "image": "ponder.webp"
    },
    {
      "word": "reserve",
      "image": "reserve.webp"
    },
    {
      "word": "script",
      "image": "script.webp"
    },
    {
      "word": "search",
      "image": "search.webp"
    },
    {
      "word": "slam",
      "image": "slam.webp"
    },
    {
      "word": "staircase",
      "image": "staircase.webp"
    },
    {
      "word": "afflicted",
      "image": "afflicted.webp"
    },
    {
      "word": "aisle",
      "image": "aisle.webp"
    },
    {
      "word": "atmosphere",
      "image": "atmosphere.webp"
    },
    {
      "word": "author",
      "image": "author.webp"
    },
    {
      "word": "breakdown",
      "image": "breakdown.webp"
    },
    {
      "word": "cargo",
      "image": "cargo.webp"
    },
    {
      "word": "chapter",
      "image": "chapter.webp"
    },
    {
      "word": "connect",
      "image": "connect.webp"
    },
    {
      "word": "etc.",
      "image": "etc..webp"
    },
    {
      "word": "flip",
      "image": "flip.webp"
    },
    {
      "word": "idle",
      "image": "idle.webp"
    },
    {
      "word": "notify",
      "image": "notify.webp"
    },
    {
      "word": "pea",
      "image": "pea.webp"
    },
    {
      "word": "raisin",
      "image": "raisin.webp"
    },
    {
      "word": "retain",
      "image": "retain.webp"
    },
    {
      "word": "state",
      "image": "state.webp"
    },
    {
      "word": "tray",
      "image": "tray.webp"
    },
    {
      "word": "unfortunate",
      "image": "unfortunate.webp"
    },
    {
      "word": "vivid",
      "image": "vivid.webp"
    },
    {
      "word": "vomit",
      "image": "vomit.webp"
    },
    {
      "word": "betray",
      "image": "betray.webp"
    },
    {
      "word": "blast",
      "image": "blast.webp"
    },
    {
      "word": "bracelet",
      "image": "bracelet.webp"
    },
    {
      "word": "cease",
      "image": "cease.webp"
    },
    {
      "word": "choke",
      "image": "choke.webp"
    },
    {
      "word": "civil",
      "image": "civil.webp"
    },
    {
      "word": "comment",
      "image": "comment.webp"
    },
    {
      "word": "cross",
      "image": "cross.webp"
    },
    {
      "word": "dent",
      "image": "dent.webp"
    },
    {
      "word": "distrust",
      "image": "distrust.webp"
    },
    {
      "word": "fort",
      "image": "fort.webp"
    },
    {
      "word": "found",
      "image": "found.webp"
    },
    {
      "word": "lining",
      "image": "lining.webp"
    },
    {
      "word": "mass",
      "image": "mass.webp"
    },
    {
      "word": "pray",
      "image": "pray.webp"
    },
    {
      "word": "rife",
      "image": "rife.webp"
    },
    {
      "word": "sole",
      "image": "sole.webp"
    },
    {
      "word": "sweep",
      "image": "sweep.webp"
    },
    {
      "word": "treachery",
      "image": "treachery.webp"
    },
    {
      "word": "tuck",
      "image": "tuck.webp"
    },
    {
      "word": "background",
      "image": "background.webp"
    },
    {
      "word": "bait",
      "image": "bait.webp"
    },
    {
      "word": "chronicle",
      "image": "chronicle.webp"
    },
    {
      "word": "copper",
      "image": "copper.webp"
    },
    {
      "word": "disease",
      "image": "disease.webp"
    },
    {
      "word": "folklore",
      "image": "folklore.webp"
    },
    {
      "word": "infect",
      "image": "infect.webp"
    },
    {
      "word": "itch",
      "image": "itch.webp"
    },
    {
      "word": "literature",
      "image": "literature.webp"
    },
    {
      "word": "millennium",
      "image": "millennium.webp"
    },
    {
      "word": "myth",
      "image": "myth.webp"
    },
    {
      "word": "promote",
      "image": "promote.webp"
    },
    {
      "word": "relate",
      "image": "relate.webp"
    },
    {
      "word": "religion",
      "image": "religion.webp"
    },
    {
      "word": "sum",
      "image": "sum.webp"
    },
    {
      "word": "teller",
      "image": "teller.webp"
    },
    {
      "word": "trustworthy",
      "image": "trustworthy.webp"
    },
    {
      "word": "update",
      "image": "update.webp"
    },
    {
      "word": "vein",
      "image": "vein.webp"
    },
    {
      "word": "venom",
      "image": "venom.webp"
    },
    {
      "word": "charity",
      "image": "charity.webp"
    },
    {
      "word": "commerce",
      "image": "commerce.webp"
    },
    {
      "word": "condemn",
      "image": "condemn.webp"
    },
    {
      "word": "cozy",
      "image": "cozy.webp"
    },
    {
      "word": "deplete",
      "image": "deplete.webp"
    },
    {
      "word": "economy",
      "image": "economy.webp"
    },
    {
      "word": "empire",
      "image": "empire.webp"
    },
    {
      "word": "goods",
      "image": "goods.webp"
    },
    {
      "word": "heed",
      "image": "heed.webp"
    },
    {
      "word": "hitchhike",
      "image": "hitchhike.webp"
    },
    {
      "word": "mock",
      "image": "mock.webp"
    },
    {
      "word": "neutral",
      "image": "neutral.webp"
    },
    {
      "word": "persecute",
      "image": "persecute.webp"
    },
    {
      "word": "pity",
      "image": "pity.webp"
    },
    {
      "word": "reduce",
      "image": "reduce.webp"
    },
    {
      "word": "scribe",
      "image": "scribe.webp"
    },
    {
      "word": "temper",
      "image": "temper.webp"
    },
    {
      "word": "throne",
      "image": "throne.webp"
    },
    {
      "word": "unity",
      "image": "unity.webp"
    },
    {
      "word": "victor",
      "image": "victor.webp"
    },
    {
      "word": "accurate",
      "image": "accurate.webp"
    },
    {
      "word": "analyze",
      "image": "analyze.webp"
    },
    {
      "word": "asteroid",
      "image": "asteroid.webp"
    },
    {
      "word": "controversy",
      "image": "controversy.webp"
    },
    {
      "word": "evolve",
      "image": "evolve.webp"
    },
    {
      "word": "factor",
      "image": "factor.webp"
    },
    {
      "word": "genetic",
      "image": "genetic.webp"
    },
    {
      "word": "genome",
      "image": "genome.webp"
    },
    {
      "word": "identical",
      "image": "identical.webp"
    },
    {
      "word": "intellectual",
      "image": "intellectual.webp"
    },
    {
      "word": "majority",
      "image": "majority.webp"
    },
    {
      "word": "mammal",
      "image": "mammal.webp"
    },
    {
      "word": "multiply",
      "image": "multiply.webp"
    },
    {
      "word": "offspring",
      "image": "offspring.webp"
    },
    {
      "word": "pesticide",
      "image": "pesticide.webp"
    },
    {
      "word": "regulate",
      "image": "regulate.webp"
    },
    {
      "word": "reinforce",
      "image": "reinforce.webp"
    },
    {
      "word": "stricken",
      "image": "stricken.webp"
    },
    {
      "word": "vast",
      "image": "vast.webp"
    },
    {
      "word": "vegetarian",
      "image": "vegetarian.webp"
    },
    {
      "word": "cherish",
      "image": "cherish.webp"
    },
    {
      "word": "compassion",
      "image": "compassion.webp"
    },
    {
      "word": "consent",
      "image": "consent.webp"
    },
    {
      "word": "core",
      "image": "core.webp"
    },
    {
      "word": "cunning",
      "image": "cunning.webp"
    },
    {
      "word": "dizzy",
      "image": "dizzy.webp"
    },
    {
      "word": "equilibrium",
      "image": "equilibrium.webp"
    },
    {
      "word": "foster",
      "image": "foster.webp"
    },
    {
      "word": "grind",
      "image": "grind.webp"
    },
    {
      "word": "growl",
      "image": "growl.webp"
    },
    {
      "word": "moderation",
      "image": "moderation.webp"
    },
    {
      "word": "predator",
      "image": "predator.webp"
    },
    {
      "word": "sane",
      "image": "sane.webp"
    },
    {
      "word": "saucer",
      "image": "saucer.webp"
    },
    {
      "word": "snatch",
      "image": "snatch.webp"
    },
    {
      "word": "stagger",
      "image": "stagger.webp"
    },
    {
      "word": "stumble",
      "image": "stumble.webp"
    },
    {
      "word": "tense",
      "image": "tense.webp"
    },
    {
      "word": "tumble",
      "image": "tumble.webp"
    },
    {
      "word": "withhold",
      "image": "withhold.webp"
    },
    {
      "word": "aircraft",
      "image": "aircraft.webp"
    },
    {
      "word": "celebrity",
      "image": "celebrity.webp"
    },
    {
      "word": "concrete",
      "image": "concrete.webp"
    },
    {
      "word": "decisive",
      "image": "decisive.webp"
    },
    {
      "word": "esteemed",
      "image": "esteemed.webp"
    },
    {
      "word": "ethical",
      "image": "ethical.webp"
    },
    {
      "word": "extinct",
      "image": "extinct.webp"
    },
    {
      "word": "hardy",
      "image": "hardy.webp"
    },
    {
      "word": "institute",
      "image": "institute.webp"
    },
    {
      "word": "jealousy",
      "image": "jealousy.webp"
    },
    {
      "word": "migrate",
      "image": "migrate.webp"
    },
    {
      "word": "nurture",
      "image": "nurture.webp"
    },
    {
      "word": "overhead",
      "image": "overhead.webp"
    },
    {
      "word": "principle",
      "image": "principle.webp"
    },
    {
      "word": "rural",
      "image": "rural.webp"
    },
    {
      "word": "secluded",
      "image": "secluded.webp"
    },
    {
      "word": "species",
      "image": "species.webp"
    },
    {
      "word": "swamp",
      "image": "swamp.webp"
    },
    {
      "word": "traverse",
      "image": "traverse.webp"
    },
    {
      "word": "zoology",
      "image": "zoology.webp"
    },
    {
      "word": "assumption",
      "image": "assumption.webp"
    },
    {
      "word": "barley",
      "image": "barley.webp"
    },
    {
      "word": "beast",
      "image": "beast.webp"
    },
    {
      "word": "colonel",
      "image": "colonel.webp"
    },
    {
      "word": "contagious",
      "image": "contagious.webp"
    },
    {
      "word": "corpse",
      "image": "corpse.webp"
    },
    {
      "word": "crisis",
      "image": "crisis.webp"
    },
    {
      "word": "cure",
      "image": "cure.webp"
    },
    {
      "word": "deformed",
      "image": "deformed.webp"
    },
    {
      "word": "discriminate",
      "image": "discriminate.webp"
    },
    {
      "word": "embassy",
      "image": "embassy.webp"
    },
    {
      "word": "extinguish",
      "image": "extinguish.webp"
    },
    {
      "word": "flint",
      "image": "flint.webp"
    },
    {
      "word": "harass",
      "image": "harass.webp"
    },
    {
      "word": "integrate",
      "image": "integrate.webp"
    },
    {
      "word": "miniature",
      "image": "miniature.webp"
    },
    {
      "word": "nutrition",
      "image": "nutrition.webp"
    },
    {
      "word": "promptly",
      "image": "promptly.webp"
    },
    {
      "word": "technician",
      "image": "technician.webp"
    },
    {
      "word": "tropics",
      "image": "tropics.webp"
    },
    {
      "word": "beneficial",
      "image": "beneficial.webp"
    },
    {
      "word": "birthplace",
      "image": "birthplace.webp"
    },
    {
      "word": "capacity",
      "image": "capacity.webp"
    },
    {
      "word": "comparative",
      "image": "comparative.webp"
    },
    {
      "word": "comprehensive",
      "image": "comprehensive.webp"
    },
    {
      "word": "conserve",
      "image": "conserve.webp"
    },
    {
      "word": "crucial",
      "image": "crucial.webp"
    },
    {
      "word": "cumulative",
      "image": "cumulative.webp"
    },
    {
      "word": "deposit",
      "image": "deposit.webp"
    },
    {
      "word": "distribute",
      "image": "distribute.webp"
    },
    {
      "word": "equator",
      "image": "equator.webp"
    },
    {
      "word": "exotic",
      "image": "exotic.webp"
    },
    {
      "word": "federal",
      "image": "federal.webp"
    },
    {
      "word": "formation",
      "image": "formation.webp"
    },
    {
      "word": "frequency",
      "image": "frequency.webp"
    },
    {
      "word": "objective",
      "image": "objective.webp"
    },
    {
      "word": "oxygen",
      "image": "oxygen.webp"
    },
    {
      "word": "rainforest",
      "image": "rainforest.webp"
    },
    {
      "word": "strategy",
      "image": "strategy.webp"
    },
    {
      "word": "wooded",
      "image": "wooded.webp"
    },
    {
      "word": "avail",
      "image": "avail.webp"
    },
    {
      "word": "expand",
      "image": "expand.webp"
    },
    {
      "word": "define",
      "image": "define.webp"
    },
    {
      "word": "dread",
      "image": "dread.webp"
    },
    {
      "word": "fundamental",
      "image": "fundamental.webp"
    },
    {
      "word": "horrifying",
      "image": "horrifying.webp"
    },
    {
      "word": "incredulous",
      "image": "incredulous.webp"
    },
    {
      "word": "linger",
      "image": "linger.webp"
    },
    {
      "word": "organism",
      "image": "organism.webp"
    },
    {
      "word": "paraphrase",
      "image": "paraphrase.webp"
    },
    {
      "word": "plague",
      "image": "plague.webp"
    },
    {
      "word": "presently",
      "image": "presently.webp"
    },
    {
      "word": "random",
      "image": "random.webp"
    },
    {
      "word": "riot",
      "image": "riot.webp"
    },
    {
      "word": "scribble",
      "image": "scribble.webp"
    },
    {
      "word": "shrine",
      "image": "shrine.webp"
    },
    {
      "word": "solitude",
      "image": "solitude.webp"
    },
    {
      "word": "stark",
      "image": "stark.webp"
    },
    {
      "word": "summon",
      "image": "summon.webp"
    },
    {
      "word": "worsen",
      "image": "worsen.webp"
    },
    {
      "word": "automobile",
      "image": "automobile.webp"
    },
    {
      "word": "candidate",
      "image": "candidate.webp"
    },
    {
      "word": "confidential",
      "image": "confidential.webp"
    },
    {
      "word": "corporate",
      "image": "corporate.webp"
    },
    {
      "word": "enhance",
      "image": "enhance.webp"
    },
    {
      "word": "era",
      "image": "era.webp"
    },
    {
      "word": "guideline",
      "image": "guideline.webp"
    },
    {
      "word": "incorporate",
      "image": "incorporate.webp"
    },
    {
      "word": "interact",
      "image": "interact.webp"
    },
    {
      "word": "interval",
      "image": "interval.webp"
    },
    {
      "word": "mobile",
      "image": "mobile.webp"
    },
    {
      "word": "modify",
      "image": "modify.webp"
    },
    {
      "word": "parallel",
      "image": "parallel.webp"
    },
    {
      "word": "phenomenon",
      "image": "phenomenon.webp"
    },
    {
      "word": "pollute",
      "image": "pollute.webp"
    },
    {
      "word": "ridicule",
      "image": "ridicule.webp"
    },
    {
      "word": "solar",
      "image": "solar.webp"
    },
    {
      "word": "territory",
      "image": "territory.webp"
    },
    {
      "word": "tournament",
      "image": "tournament.webp"
    },
    {
      "word": "transportation",
      "image": "transportation.webp"
    },
    {
      "word": "bill",
      "image": "bill.webp"
    },
    {
      "word": "boundary",
      "image": "boundary.webp"
    },
    {
      "word": "chaos",
      "image": "chaos.webp"
    },
    {
      "word": "consistent",
      "image": "consistent.webp"
    },
    {
      "word": "cyclone",
      "image": "cyclone.webp"
    },
    {
      "word": "doomed",
      "image": "doomed.webp"
    },
    {
      "word": "heir",
      "image": "heir.webp"
    },
    {
      "word": "martial",
      "image": "martial.webp"
    },
    {
      "word": "organic",
      "image": "organic.webp"
    },
    {
      "word": "poultry",
      "image": "poultry.webp"
    },
    {
      "word": "scramble",
      "image": "scramble.webp"
    },
    {
      "word": "sergeant",
      "image": "sergeant.webp"
    },
    {
      "word": "sheer",
      "image": "sheer.webp"
    },
    {
      "word": "stance",
      "image": "stance.webp"
    },
    {
      "word": "telegraph",
      "image": "telegraph.webp"
    },
    {
      "word": "textile",
      "image": "textile.webp"
    },
    {
      "word": "tornado",
      "image": "tornado.webp"
    },
    {
      "word": "typhoon",
      "image": "typhoon.webp"
    },
    {
      "word": "wail",
      "image": "wail.webp"
    },
    {
      "word": "wardrobe",
      "image": "wardrobe.webp"
    }
  ]
}