{
  "name": "OXFORD 3000",
  "subList": [
    {
      "name": "A1",
      "thumbnail": "oxford_a1.webp",
      "words": [
        "a",
        "about",
        "above",
        "across",
        "action",
        "activity",
        "actor",
        "actress",
        "add",
        "address",
        "adult",
        "advice",
        "afraid",
        "after",
        "afternoon",
        "again",
        "age",
        "ago",
        "agree",
        "air",
        "airport",
        "all",
        "also",
        "always",
        "amazing",
        "and",
        "angry",
        "animal",
        "another",
        "answer",
        "any",
        "anyone",
        "anything",
        "apartment",
        "apple",
        "april",
        "area",
        "arm",
        "around",
        "arrive",
        "art",
        "article",
        "artist",
        "as",
        "ask",
        "at",
        "august",
        "aunt",
        "autumn",
        "away",
        "baby",
        "back",
        "bad",
        "bag",
        "ball",
        "banana",
        "band",
        "bank",
        "bath",
        "bathroom",
        "be",
        "beach",
        "beautiful",
        "because",
        "become",
        "bed",
        "bedroom",
        "beer",
        "before",
        "begin",
        "beginning",
        "behind",
        "believe",
        "below",
        "best",
        "better",
        "between",
        "bicycle",
        "big",
        "bike",
        "bill",
        "bird",
        "birthday",
        "black",
        "blog",
        "blonde",
        "blue",
        "boat",
        "body",
        "book",
        "boot",
        "bored",
        "boring",
        "born",
        "both",
        "bottle",
        "box",
        "boy",
        "boyfriend",
        "bread",
        "break",
        "breakfast",
        "bring",
        "brother",
        "brown",
        "build",
        "building",
        "bus",
        "business",
        "busy",
        "but",
        "butter",
        "buy",
        "by",
        "bye",
        "cafe",
        "cake",
        "call",
        "camera",
        "can",
        "cannot",
        "capital",
        "car",
        "card",
        "career",
        "carrot",
        "carry",
        "cat",
        "cd",
        "cent",
        "centre",
        "century",
        "chair",
        "change",
        "chart",
        "cheap",
        "check",
        "cheese",
        "chicken",
        "child",
        "chocolate",
        "choose",
        "cinema",
        "city",
        "class",
        "classroom",
        "clean",
        "climb",
        "clock",
        "close",
        "clothes",
        "club",
        "coat",
        "coffee",
        "cold",
        "college",
        "colour",
        "come",
        "common",
        "company",
        "compare",
        "complete",
        "computer",
        "concert",
        "conversation",
        "cook",
        "cooking",
        "cool",
        "correct",
        "cost",
        "could",
        "country",
        "course",
        "cousin",
        "cow",
        "cream",
        "create",
        "culture",
        "cup",
        "customer",
        "cut",
        "dad",
        "dance",
        "dancer",
        "dancing",
        "dangerous",
        "dark",
        "date",
        "daughter",
        "day",
        "dear",
        "december",
        "decide",
        "delicious",
        "describe",
        "description",
        "design",
        "desk",
        "detail",
        "dialogue",
        "dictionary",
        "die",
        "diet",
        "difference",
        "different",
        "difficult",
        "dinner",
        "dirty",
        "discuss",
        "dish",
        "do",
        "doctor",
        "dog",
        "dollar",
        "door",
        "down",
        "downstairs",
        "draw",
        "dress",
        "drink",
        "drive",
        "driver",
        "during",
        "dvd",
        "each",
        "ear",
        "early",
        "east",
        "easy",
        "eat",
        "egg",
        "eight",
        "eighteen",
        "eighty",
        "elephant",
        "eleven",
        "else",
        "email",
        "end",
        "enjoy",
        "enough",
        "euro",
        "even",
        "evening",
        "event",
        "ever",
        "every",
        "everybody",
        "everyone",
        "everything",
        "exam",
        "example",
        "excited",
        "exciting",
        "exercise",
        "expensive",
        "explain",
        "extra",
        "eye",
        "face",
        "fact",
        "fall",
        "false",
        "family",
        "famous",
        "fantastic",
        "far",
        "farm",
        "farmer",
        "fast",
        "fat",
        "father",
        "favourite",
        "february",
        "feel",
        "feeling",
        "festival",
        "few",
        "fifteen",
        "fifth",
        "fifty",
        "fill",
        "film",
        "final",
        "find",
        "fine",
        "finish",
        "fire",
        "first",
        "fish",
        "five",
        "flat",
        "flight",
        "floor",
        "flower",
        "fly",
        "follow",
        "food",
        "foot",
        "football",
        "for",
        "forget",
        "form",
        "forty",
        "four",
        "fourteen",
        "fourth",
        "free",
        "friday",
        "friend",
        "friendly",
        "from",
        "front",
        "fruit",
        "full",
        "fun",
        "funny",
        "future",
        "game",
        "garden",
        "geography",
        "get",
        "girl",
        "girlfriend",
        "give",
        "glass",
        "go",
        "good",
        "goodbye",
        "grandfather",
        "grandmother",
        "grandparent",
        "great",
        "green",
        "grey",
        "group",
        "grow",
        "guess",
        "guitar",
        "gym",
        "hair",
        "half",
        "hand",
        "happen",
        "happy",
        "hard",
        "hat",
        "hate",
        "have",
        "have to",
        "he",
        "head",
        "health",
        "healthy",
        "hear",
        "hello",
        "help",
        "her",
        "here",
        "hey",
        "hi",
        "high",
        "him",
        "his",
        "history",
        "hobby",
        "holiday",
        "home",
        "homework",
        "hope",
        "horse",
        "hospital",
        "hot",
        "hotel",
        "hour",
        "house",
        "how",
        "however",
        "hundred",
        "hungry",
        "husband",
        "i",
        "ice",
        "ice cream",
        "idea",
        "if",
        "imagine",
        "important",
        "improve",
        "in",
        "include",
        "information",
        "interest",
        "interested",
        "interesting",
        "internet",
        "interview",
        "into",
        "introduce",
        "island",
        "it",
        "its",
        "jacket",
        "january",
        "jeans",
        "job",
        "join",
        "journey",
        "juice",
        "july",
        "june",
        "just",
        "keep",
        "key",
        "kilometre",
        "kind",
        "kitchen",
        "know",
        "land",
        "language",
        "large",
        "last",
        "late",
        "later",
        "laugh",
        "learn",
        "leave",
        "left",
        "leg",
        "lesson",
        "let",
        "letter",
        "library",
        "lie",
        "life",
        "light",
        "like",
        "line",
        "lion",
        "list",
        "listen",
        "little",
        "live",
        "local",
        "long",
        "look",
        "lose",
        "lot",
        "love",
        "lunch",
        "machine",
        "magazine",
        "main",
        "make",
        "man",
        "many",
        "map",
        "march",
        "market",
        "married",
        "match",
        "may",
        "maybe",
        "me",
        "meal",
        "mean",
        "meaning",
        "meat",
        "meet",
        "meeting",
        "member",
        "menu",
        "message",
        "metre",
        "midnight",
        "mile",
        "milk",
        "million",
        "minute",
        "miss",
        "mistake",
        "model",
        "modern",
        "moment",
        "monday",
        "money",
        "month",
        "more",
        "morning",
        "most",
        "mother",
        "mountain",
        "mouse",
        "mouth",
        "move",
        "movie",
        "much",
        "mum",
        "museum",
        "music",
        "must",
        "my",
        "name",
        "natural",
        "near",
        "need",
        "negative",
        "neighbour",
        "never",
        "new",
        "news",
        "newspaper",
        "next",
        "next to",
        "nice",
        "night",
        "nine",
        "nineteen",
        "ninety",
        "no",
        "no one",
        "nobody",
        "north",
        "nose",
        "not",
        "note",
        "nothing",
        "november",
        "now",
        "number",
        "nurse",
        "o'clock",
        "object",
        "october",
        "of",
        "off",
        "office",
        "often",
        "oh",
        "ok",
        "old",
        "on",
        "once",
        "one",
        "onion",
        "online",
        "only",
        "open",
        "opinion",
        "opposite",
        "or",
        "orange",
        "order",
        "other",
        "our",
        "out",
        "outside",
        "over",
        "own",
        "page",
        "paint",
        "painting",
        "pair",
        "paper",
        "paragraph",
        "parent",
        "park",
        "part",
        "partner",
        "party",
        "passport",
        "past",
        "pay",
        "pen",
        "pencil",
        "people",
        "pepper",
        "perfect",
        "period",
        "person",
        "personal",
        "phone",
        "photo",
        "photograph",
        "phrase",
        "piano",
        "picture",
        "piece",
        "pig",
        "pink",
        "place",
        "plan",
        "plane",
        "plant",
        "play",
        "player",
        "please",
        "point",
        "police",
        "policeman",
        "pool",
        "poor",
        "popular",
        "positive",
        "possible",
        "post",
        "potato",
        "pound",
        "practice",
        "practise",
        "prefer",
        "prepare",
        "present",
        "pretty",
        "price",
        "probably",
        "problem",
        "product",
        "programme",
        "project",
        "purple",
        "put",
        "quarter",
        "question",
        "quick",
        "quickly",
        "quiet",
        "quite",
        "radio",
        "rain",
        "read",
        "reader",
        "reading",
        "ready",
        "real",
        "really",
        "reason",
        "red",
        "relax",
        "remember",
        "repeat",
        "report",
        "restaurant",
        "result",
        "return",
        "rice",
        "rich",
        "ride",
        "right",
        "river",
        "road",
        "room",
        "routine",
        "rule",
        "run",
        "sad",
        "salad",
        "salt",
        "same",
        "sandwich",
        "saturday",
        "say",
        "school",
        "science",
        "scientist",
        "sea",
        "second",
        "section",
        "see",
        "sell",
        "send",
        "sentence",
        "september",
        "seven",
        "seventeen",
        "seventy",
        "share",
        "she",
        "sheep",
        "shirt",
        "shoe",
        "shop",
        "shopping",
        "short",
        "should",
        "show",
        "shower",
        "sick",
        "similar",
        "sing",
        "singer",
        "sister",
        "sit",
        "situation",
        "six",
        "sixteen",
        "sixty",
        "skill",
        "skirt",
        "sleep",
        "slow",
        "small",
        "snake",
        "snow",
        "so",
        "some",
        "somebody",
        "someone",
        "something",
        "sometimes",
        "son",
        "song",
        "soon",
        "sorry",
        "sound",
        "soup",
        "south",
        "space",
        "speak",
        "special",
        "spell",
        "spelling",
        "spend",
        "sport",
        "spring",
        "stand",
        "star",
        "start",
        "statement",
        "station",
        "stay",
        "still",
        "stop",
        "story",
        "street",
        "strong",
        "student",
        "study",
        "style",
        "subject",
        "success",
        "sugar",
        "summer",
        "sun",
        "sunday",
        "supermarket",
        "sure",
        "sweater",
        "swim",
        "swimming",
        "t-shirt",
        "table",
        "take",
        "talk",
        "tall",
        "taxi",
        "tea",
        "teach",
        "teacher",
        "team",
        "teenager",
        "telephone",
        "television",
        "tell",
        "ten",
        "tennis",
        "terrible",
        "test",
        "text",
        "than",
        "thank",
        "thanks",
        "that",
        "the",
        "theatre",
        "their",
        "them",
        "then",
        "there",
        "they",
        "thing",
        "think",
        "third",
        "thirsty",
        "thirteen",
        "thirty",
        "this",
        "thousand",
        "three",
        "through",
        "thursday",
        "ticket",
        "time",
        "tired",
        "title",
        "to",
        "today",
        "together",
        "toilet",
        "tomato",
        "tomorrow",
        "tonight",
        "too",
        "tooth",
        "topic",
        "tourist",
        "town",
        "traffic",
        "train",
        "travel",
        "tree",
        "trip",
        "trousers",
        "true",
        "try",
        "tuesday",
        "turn",
        "tv",
        "twelve",
        "twenty",
        "twice",
        "two",
        "type",
        "umbrella",
        "uncle",
        "under",
        "understand",
        "university",
        "until",
        "up",
        "upstairs",
        "us",
        "use",
        "useful",
        "usually",
        "vacation",
        "vegetable",
        "very",
        "video",
        "village",
        "visit",
        "visitor",
        "wait",
        "waiter",
        "wake",
        "walk",
        "wall",
        "want",
        "warm",
        "wash",
        "watch",
        "water",
        "way",
        "we",
        "wear",
        "weather",
        "website",
        "wednesday",
        "week",
        "weekend",
        "welcome",
        "well",
        "west",
        "what",
        "when",
        "where",
        "which",
        "white",
        "who",
        "why",
        "wife",
        "will",
        "win",
        "window",
        "wine",
        "winter",
        "with",
        "without",
        "woman",
        "wonderful",
        "word",
        "work",
        "worker",
        "world",
        "would",
        "write",
        "writer",
        "writing",
        "wrong",
        "yeah",
        "year",
        "yellow",
        "yes",
        "yesterday",
        "you",
        "young",
        "your",
        "yourself"
      ]
    },
    {
      "name": "A2",
      "thumbnail": "oxford_a2.webp",
      "words": [
        "ability",
        "able",
        "abroad",
        "accept",
        "accident",
        "according to",
        "achieve",
        "act",
        "active",
        "actually",
        "adult",
        "advantage",
        "adventure",
        "advertise",
        "advertisement",
        "advertising",
        "affect",
        "after",
        "against",
        "ah",
        "airline",
        "alive",
        "all",
        "all right",
        "allow",
        "almost",
        "alone",
        "along",
        "already",
        "alternative",
        "although",
        "among",
        "amount",
        "ancient",
        "ankle",
        "any",
        "any more",
        "anybody",
        "anyway",
        "anywhere",
        "app",
        "appear",
        "appearance",
        "apply",
        "architect",
        "architecture",
        "argue",
        "argument",
        "army",
        "arrange",
        "arrangement",
        "as",
        "asleep",
        "assistant",
        "athlete",
        "attack",
        "attend",
        "attention",
        "attractive",
        "audience",
        "author",
        "available",
        "average",
        "avoid",
        "award",
        "awful",
        "back",
        "background",
        "badly",
        "bar",
        "baseball",
        "based",
        "basketball",
        "bean",
        "bear",
        "beat",
        "beef",
        "before",
        "behave",
        "behaviour",
        "belong",
        "belt",
        "benefit",
        "best",
        "better",
        "between",
        "billion",
        "bin",
        "biology",
        "birth",
        "biscuit",
        "bit",
        "blank",
        "blood",
        "blow",
        "board",
        "boil",
        "bone",
        "book",
        "borrow",
        "boss",
        "bottom",
        "bowl",
        "brain",
        "bridge",
        "bright",
        "brilliant",
        "broken",
        "brush",
        "burn",
        "businessman",
        "button",
        "camp",
        "camping",
        "can",
        "care",
        "careful",
        "carefully",
        "carpet",
        "cartoon",
        "case",
        "cash",
        "castle",
        "catch",
        "cause",
        "celebrate",
        "celebrity",
        "certain",
        "certainly",
        "chance",
        "character",
        "charity",
        "chat",
        "check",
        "chef",
        "chemistry",
        "chip",
        "choice",
        "church",
        "cigarette",
        "circle",
        "classical",
        "clear",
        "clearly",
        "clever",
        "climate",
        "close",
        "closed",
        "clothing",
        "cloud",
        "coach",
        "coast",
        "code",
        "colleague",
        "collect",
        "column",
        "comedy",
        "comfortable",
        "comment",
        "communicate",
        "community",
        "compete",
        "competition",
        "complain",
        "completely",
        "condition",
        "conference",
        "connect",
        "connected",
        "consider",
        "contain",
        "context",
        "continent",
        "continue",
        "control",
        "cook",
        "cooker",
        "copy",
        "corner",
        "correctly",
        "count",
        "couple",
        "cover",
        "crazy",
        "creative",
        "credit",
        "crime",
        "criminal",
        "cross",
        "crowd",
        "crowded",
        "cry",
        "cupboard",
        "curly",
        "cycle",
        "daily",
        "danger",
        "dark",
        "data",
        "dead",
        "deal",
        "dear",
        "death",
        "decision",
        "deep",
        "definitely",
        "degree",
        "dentist",
        "department",
        "depend",
        "desert",
        "designer",
        "destroy",
        "detective",
        "develop",
        "device",
        "diary",
        "differently",
        "digital",
        "direct",
        "direction",
        "director",
        "disagree",
        "disappear",
        "disaster",
        "discover",
        "discovery",
        "discussion",
        "disease",
        "distance",
        "divorced",
        "document",
        "double",
        "download",
        "downstairs",
        "drama",
        "drawing",
        "dream",
        "drive",
        "driving",
        "drop",
        "drug",
        "dry",
        "earn",
        "earth",
        "easily",
        "education",
        "effect",
        "either",
        "electric",
        "electrical",
        "electricity",
        "electronic",
        "employ",
        "employee",
        "employer",
        "empty",
        "ending",
        "energy",
        "engine",
        "engineer",
        "enormous",
        "enter",
        "environment",
        "equipment",
        "error",
        "especially",
        "essay",
        "everyday",
        "everywhere",
        "evidence",
        "exact",
        "exactly",
        "excellent",
        "except",
        "exist",
        "expect",
        "experience",
        "experiment",
        "expert",
        "explanation",
        "express",
        "expression",
        "extreme",
        "extremely",
        "factor",
        "factory",
        "fail",
        "fair",
        "fall",
        "fan",
        "farm",
        "farming",
        "fashion",
        "fat",
        "fear",
        "feature",
        "feed",
        "female",
        "fiction",
        "field",
        "fight",
        "figure",
        "film",
        "final",
        "finally",
        "finger",
        "finish",
        "first",
        "firstly",
        "fish",
        "fishing",
        "fit",
        "fix",
        "flat",
        "flu",
        "fly",
        "flying",
        "focus",
        "following",
        "foreign",
        "forest",
        "fork",
        "formal",
        "fortunately",
        "forward",
        "free",
        "fresh",
        "fridge",
        "frog",
        "fun",
        "furniture",
        "further",
        "future",
        "gallery",
        "gap",
        "gas",
        "gate",
        "general",
        "gift",
        "goal",
        "god",
        "gold",
        "golf",
        "good",
        "government",
        "grass",
        "greet",
        "ground",
        "guest",
        "guide",
        "gun",
        "guy",
        "habit",
        "half",
        "hall",
        "happily",
        "have",
        "headache",
        "heart",
        "heat",
        "heavy",
        "height",
        "helpful",
        "hero",
        "hers",
        "herself",
        "hide",
        "high",
        "hill",
        "himself",
        "his",
        "hit",
        "hockey",
        "hold",
        "hole",
        "home",
        "hope",
        "huge",
        "human",
        "hurt",
        "ideal",
        "identify",
        "ill",
        "illness",
        "image",
        "immediately",
        "impossible",
        "included",
        "including",
        "increase",
        "incredible",
        "independent",
        "individual",
        "industry",
        "informal",
        "injury",
        "insect",
        "inside",
        "instead",
        "instruction",
        "instructor",
        "instrument",
        "intelligent",
        "international",
        "introduction",
        "invent",
        "invention",
        "invitation",
        "invite",
        "involve",
        "item",
        "itself",
        "jam",
        "jazz",
        "jewellery",
        "joke",
        "journalist",
        "jump",
        "kid",
        "kill",
        "king",
        "knee",
        "knife",
        "knock",
        "knowledge",
        "lab",
        "lady",
        "lake",
        "lamp",
        "land",
        "laptop",
        "last",
        "later",
        "laughter",
        "law",
        "lawyer",
        "lazy",
        "lead",
        "leader",
        "learning",
        "least",
        "lecture",
        "lemon",
        "lend",
        "less",
        "level",
        "lifestyle",
        "lift",
        "light",
        "likely",
        "link",
        "listener",
        "little",
        "lock",
        "look",
        "lorry",
        "lost",
        "loud",
        "loudly",
        "lovely",
        "low",
        "luck",
        "lucky",
        "mail",
        "major",
        "male",
        "manage",
        "manager",
        "manner",
        "mark",
        "marry",
        "material",
        "mathematics",
        "maths",
        "matter",
        "may",
        "media",
        "medical",
        "medicine",
        "memory",
        "mention",
        "metal",
        "method",
        "middle",
        "might",
        "mind",
        "mine",
        "mirror",
        "missing",
        "mobile",
        "monkey",
        "moon",
        "mostly",
        "motorcycle",
        "movement",
        "musical",
        "musician",
        "myself",
        "narrow",
        "national",
        "nature",
        "nearly",
        "necessary",
        "neck",
        "need",
        "neither",
        "nervous",
        "network",
        "noise",
        "noisy",
        "none",
        "normal",
        "normally",
        "notice",
        "novel",
        "nowhere",
        "number",
        "nut",
        "ocean",
        "offer",
        "officer",
        "oil",
        "onto",
        "opportunity",
        "option",
        "ordinary",
        "organization",
        "organize",
        "original",
        "ourselves",
        "outside",
        "oven",
        "own",
        "owner",
        "pack",
        "pain",
        "painter",
        "palace",
        "pants",
        "parking",
        "particular",
        "pass",
        "passenger",
        "past",
        "patient",
        "pattern",
        "pay",
        "peace",
        "penny",
        "per",
        "per cent",
        "perform",
        "perhaps",
        "permission",
        "personality",
        "pet",
        "petrol",
        "photograph",
        "physical",
        "physics",
        "pick",
        "pilot",
        "planet",
        "plant",
        "plastic",
        "plate",
        "platform",
        "please",
        "pleased",
        "pocket",
        "polite",
        "pollution",
        "pop",
        "population",
        "position",
        "possession",
        "possibility",
        "poster",
        "power",
        "predict",
        "present",
        "president",
        "prevent",
        "print",
        "printer",
        "prison",
        "prize",
        "process",
        "produce",
        "professional",
        "professor",
        "profile",
        "program",
        "progress",
        "promise",
        "pronounce",
        "protect",
        "provide",
        "pub",
        "public",
        "publish",
        "pull",
        "purpose",
        "push",
        "quality",
        "quantity",
        "queen",
        "question",
        "quietly",
        "race",
        "railway",
        "raise",
        "rate",
        "rather",
        "reach",
        "react",
        "realize",
        "receive",
        "recent",
        "recently",
        "reception",
        "recipe",
        "recognize",
        "recommend",
        "record",
        "recording",
        "recycle",
        "reduce",
        "refer",
        "refuse",
        "region",
        "regular",
        "relationship",
        "remove",
        "repair",
        "replace",
        "reply",
        "report",
        "reporter",
        "request",
        "research",
        "researcher",
        "respond",
        "response",
        "rest",
        "review",
        "ride",
        "ring",
        "rise",
        "rock",
        "role",
        "roof",
        "round",
        "route",
        "rubbish",
        "rude",
        "run",
        "runner",
        "running",
        "sadly",
        "safe",
        "sail",
        "sailing",
        "salary",
        "sale",
        "sauce",
        "save",
        "scared",
        "scary",
        "scene",
        "schedule",
        "score",
        "screen",
        "search",
        "season",
        "seat",
        "second",
        "secondly",
        "secret",
        "secretary",
        "seem",
        "sense",
        "separate",
        "series",
        "serious",
        "serve",
        "service",
        "several",
        "shake",
        "shall",
        "shape",
        "sheet",
        "ship",
        "shoulder",
        "shout",
        "shut",
        "side",
        "sign",
        "silver",
        "simple",
        "since",
        "singing",
        "single",
        "sir",
        "site",
        "size",
        "ski",
        "skiing",
        "skin",
        "sky",
        "sleep",
        "slowly",
        "smartphone",
        "smell",
        "smile",
        "smoke",
        "smoking",
        "soap",
        "soccer",
        "social",
        "society",
        "sock",
        "soft",
        "soldier",
        "solution",
        "solve",
        "somewhere",
        "sort",
        "source",
        "speaker",
        "specific",
        "speech",
        "speed",
        "spider",
        "spoon",
        "square",
        "stage",
        "stair",
        "stamp",
        "star",
        "start",
        "state",
        "stay",
        "steal",
        "step",
        "stomach",
        "stone",
        "store",
        "storm",
        "straight",
        "strange",
        "strategy",
        "stress",
        "structure",
        "stupid",
        "succeed",
        "successful",
        "such",
        "suddenly",
        "suggest",
        "suggestion",
        "suit",
        "support",
        "suppose",
        "sure",
        "surprise",
        "surprised",
        "surprising",
        "survey",
        "sweet",
        "symbol",
        "system",
        "tablet",
        "talk",
        "target",
        "task",
        "taste",
        "teaching",
        "technology",
        "teenage",
        "temperature",
        "term",
        "text",
        "themselves",
        "thick",
        "thief",
        "thin",
        "thinking",
        "third",
        "thought",
        "throw",
        "tidy",
        "tie",
        "tip",
        "tool",
        "top",
        "touch",
        "tour",
        "tourism",
        "towards",
        "towel",
        "tower",
        "toy",
        "track",
        "tradition",
        "traditional",
        "train",
        "trainer",
        "training",
        "transport",
        "traveller",
        "trouble",
        "truck",
        "twin",
        "typical",
        "underground",
        "understanding",
        "unfortunately",
        "unhappy",
        "uniform",
        "unit",
        "united",
        "unusual",
        "upstairs",
        "use",
        "used to",
        "user",
        "usual",
        "valley",
        "van",
        "variety",
        "vehicle",
        "view",
        "virus",
        "voice",
        "wait",
        "war",
        "wash",
        "washing",
        "wave",
        "weak",
        "web",
        "wedding",
        "weight",
        "welcome",
        "wet",
        "wheel",
        "while",
        "whole",
        "whose",
        "wide",
        "wild",
        "wind",
        "winner",
        "wish",
        "wood",
        "wooden",
        "working",
        "worried",
        "worry",
        "worse",
        "worst",
        "wow",
        "yet",
        "yours",
        "zero"
      ]
    },
    {
      "name": "B1",
      "thumbnail": "oxford_b1.webp",
      "words": [
        "absolutely",
        "academic",
        "access",
        "accommodation",
        "account",
        "achievement",
        "act",
        "ad",
        "addition",
        "admire",
        "admit",
        "advanced",
        "advise",
        "afford",
        "age",
        "aged",
        "agent",
        "agreement",
        "ahead",
        "aim",
        "alarm",
        "album",
        "alcohol",
        "alcoholic",
        "alternative",
        "amazed",
        "ambition",
        "ambitious",
        "analyse",
        "analysis",
        "announce",
        "announcement",
        "annoy",
        "annoyed",
        "annoying",
        "apart",
        "apologize",
        "application",
        "appointment",
        "appreciate",
        "approximately",
        "arrest",
        "arrival",
        "assignment",
        "assist",
        "atmosphere",
        "attach",
        "attitude",
        "attract",
        "attraction",
        "authority",
        "average",
        "award",
        "aware",
        "backwards",
        "bake",
        "balance",
        "ban",
        "base",
        "basic",
        "basis",
        "battery",
        "battle",
        "beauty",
        "bee",
        "belief",
        "bell",
        "bend",
        "benefit",
        "better",
        "bite",
        "block",
        "board",
        "bomb",
        "border",
        "bother",
        "branch",
        "brand",
        "brave",
        "breath",
        "breathe",
        "breathing",
        "bride",
        "bubble",
        "bury",
        "by",
        "calm",
        "campaign",
        "campus",
        "candidate",
        "cap",
        "captain",
        "careless",
        "category",
        "ceiling",
        "celebration",
        "central",
        "centre",
        "ceremony",
        "chain",
        "challenge",
        "champion",
        "channel",
        "chapter",
        "charge",
        "cheap",
        "cheat",
        "cheerful",
        "chemical",
        "chest",
        "childhood",
        "claim",
        "clause",
        "clear",
        "click",
        "client",
        "climb",
        "close",
        "cloth",
        "clue",
        "coach",
        "coal",
        "coin",
        "collection",
        "coloured",
        "combine",
        "comment",
        "commercial",
        "commit",
        "communication",
        "comparison",
        "competitive",
        "competitor",
        "complaint",
        "complex",
        "concentrate",
        "conclude",
        "conclusion",
        "confident",
        "confirm",
        "confuse",
        "confused",
        "connection",
        "consequence",
        "consist",
        "consume",
        "consumer",
        "contact",
        "container",
        "content",
        "continuous",
        "contrast",
        "convenient",
        "convince",
        "cool",
        "costume",
        "cottage",
        "cotton",
        "count",
        "countryside",
        "court",
        "cover",
        "covered",
        "cream",
        "criminal",
        "cruel",
        "cultural",
        "currency",
        "current",
        "currently",
        "curtain",
        "custom",
        "cut",
        "daily",
        "damage",
        "deal",
        "decade",
        "decorate",
        "deep",
        "define",
        "definite",
        "definition",
        "deliver",
        "departure",
        "despite",
        "destination",
        "determine",
        "determined",
        "development",
        "diagram",
        "diamond",
        "difficulty",
        "direct",
        "directly",
        "dirt",
        "disadvantage",
        "disappointed",
        "disappointing",
        "discount",
        "dislike",
        "divide",
        "documentary",
        "donate",
        "double",
        "doubt",
        "dressed",
        "drop",
        "drum",
        "drunk",
        "due",
        "dust",
        "duty",
        "earthquake",
        "eastern",
        "economic",
        "economy",
        "edge",
        "editor",
        "educate",
        "educated",
        "educational",
        "effective",
        "effectively",
        "effort",
        "election",
        "element",
        "embarrassed",
        "embarrassing",
        "emergency",
        "emotion",
        "employment",
        "empty",
        "encourage",
        "enemy",
        "engaged",
        "engineering",
        "entertain",
        "entertainment",
        "entrance",
        "entry",
        "environmental",
        "episode",
        "equal",
        "equally",
        "escape",
        "essential",
        "eventually",
        "examine",
        "except",
        "exchange",
        "excitement",
        "exhibition",
        "expand",
        "expected",
        "expedition",
        "experience",
        "experienced",
        "experiment",
        "explode",
        "explore",
        "explosion",
        "export",
        "extra",
        "face",
        "fairly",
        "familiar",
        "fancy",
        "far",
        "fascinating",
        "fashionable",
        "fasten",
        "favour",
        "fear",
        "feature",
        "fence",
        "fighting",
        "file",
        "financial",
        "fire",
        "fitness",
        "fixed",
        "flag",
        "flood",
        "flour",
        "flow",
        "fold",
        "folk",
        "following",
        "force",
        "forever",
        "frame",
        "freeze",
        "frequently",
        "friendship",
        "frighten",
        "frightened",
        "frightening",
        "frozen",
        "fry",
        "fuel",
        "function",
        "fur",
        "further",
        "garage",
        "gather",
        "generally",
        "generation",
        "generous",
        "gentle",
        "gentleman",
        "ghost",
        "giant",
        "glad",
        "global",
        "glove",
        "go",
        "goods",
        "grade",
        "graduate",
        "grain",
        "grateful",
        "growth",
        "guard",
        "guilty",
        "hand",
        "hang",
        "happiness",
        "hardly",
        "hate",
        "head",
        "headline",
        "heating",
        "heavily",
        "helicopter",
        "highlight",
        "highly",
        "hire",
        "historic",
        "historical",
        "honest",
        "horrible",
        "horror",
        "host",
        "hunt",
        "hurricane",
        "hurry",
        "identity",
        "ignore",
        "illegal",
        "imaginary",
        "immediate",
        "immigrant",
        "impact",
        "import",
        "importance",
        "impression",
        "impressive",
        "improvement",
        "incredibly",
        "indeed",
        "indicate",
        "indirect",
        "indoor",
        "indoors",
        "influence",
        "ingredient",
        "injure",
        "injured",
        "innocent",
        "intelligence",
        "intend",
        "intention",
        "invest",
        "investigate",
        "involved",
        "iron",
        "issue",
        "it",
        "journal",
        "judge",
        "keen",
        "key",
        "keyboard",
        "kick",
        "killing",
        "kind",
        "kiss",
        "knock",
        "label",
        "laboratory",
        "lack",
        "latest",
        "lay",
        "layer",
        "lead",
        "leading",
        "leaf",
        "leather",
        "legal",
        "leisure",
        "length",
        "level",
        "lie",
        "like",
        "limit",
        "lip",
        "liquid",
        "literature",
        "live",
        "living",
        "local",
        "locate",
        "located",
        "location",
        "lonely",
        "loss",
        "luxury",
        "mad",
        "magic",
        "mainly",
        "mall",
        "management",
        "market",
        "marketing",
        "marriage",
        "meanwhile",
        "measure",
        "medium",
        "mental",
        "mention",
        "mess",
        "mild",
        "mine",
        "mix",
        "mixture",
        "mood",
        "move",
        "mud",
        "murder",
        "muscle",
        "musical",
        "mystery",
        "nail",
        "narrative",
        "nation",
        "native",
        "naturally",
        "necessarily",
        "need",
        "needle",
        "neighbourhood",
        "neither",
        "net",
        "next",
        "nor",
        "normal",
        "northern",
        "note",
        "now",
        "nuclear",
        "obvious",
        "obviously",
        "occasion",
        "occur",
        "odd",
        "official",
        "old-fashioned",
        "once",
        "operation",
        "organized",
        "organizer",
        "original",
        "originally",
        "ought",
        "ours",
        "outdoor",
        "outdoors",
        "pack",
        "package",
        "painful",
        "pale",
        "pan",
        "participate",
        "particularly",
        "pass",
        "passion",
        "path",
        "payment",
        "peaceful",
        "percentage",
        "perfectly",
        "performance",
        "personally",
        "persuade",
        "photographer",
        "photography",
        "pin",
        "pipe",
        "place",
        "planning",
        "pleasant",
        "pleasure",
        "plenty",
        "plot",
        "plus",
        "poem",
        "poet",
        "poetry",
        "point",
        "poison",
        "poisonous",
        "policy",
        "political",
        "politician",
        "politics",
        "port",
        "portrait",
        "possibly",
        "pot",
        "pour",
        "poverty",
        "powder",
        "powerful",
        "practical",
        "pray",
        "prayer",
        "prediction",
        "prepared",
        "presentation",
        "press",
        "pressure",
        "pretend",
        "previous",
        "previously",
        "priest",
        "primary",
        "prince",
        "princess",
        "printing",
        "prisoner",
        "private",
        "producer",
        "production",
        "profession",
        "profit",
        "program",
        "promote",
        "proper",
        "properly",
        "property",
        "protest",
        "proud",
        "prove",
        "pull",
        "punish",
        "punishment",
        "push",
        "qualification",
        "qualified",
        "qualify",
        "queue",
        "quit",
        "quotation",
        "quote",
        "racing",
        "range",
        "rare",
        "rarely",
        "reaction",
        "reality",
        "receipt",
        "recommendation",
        "reference",
        "reflect",
        "regularly",
        "reject",
        "relate",
        "related",
        "relation",
        "relative",
        "relaxed",
        "relaxing",
        "release",
        "reliable",
        "religion",
        "religious",
        "remain",
        "remind",
        "remote",
        "rent",
        "repair",
        "repeat",
        "repeated",
        "represent",
        "request",
        "require",
        "reservation",
        "resource",
        "respect",
        "responsibility",
        "responsible",
        "result",
        "retire",
        "retired",
        "revise",
        "rise",
        "risk",
        "robot",
        "roll",
        "romantic",
        "rope",
        "rough",
        "row",
        "royal",
        "rugby",
        "rule",
        "safety",
        "sail",
        "sailor",
        "sample",
        "sand",
        "scan",
        "scientific",
        "script",
        "sculpture",
        "secondary",
        "security",
        "seed",
        "sensible",
        "separate",
        "seriously",
        "servant",
        "set",
        "setting",
        "sex",
        "sexual",
        "shake",
        "share",
        "sharp",
        "shelf",
        "shell",
        "shift",
        "shine",
        "shiny",
        "shoot",
        "shy",
        "sight",
        "signal",
        "silent",
        "silly",
        "similarity",
        "similarly",
        "simply",
        "since",
        "sink",
        "slice",
        "slightly",
        "slow",
        "smart",
        "smooth",
        "software",
        "soil",
        "solid",
        "sort",
        "southern",
        "specifically",
        "spending",
        "spicy",
        "spirit",
        "spoken",
        "spot",
        "spread",
        "stadium",
        "staff",
        "standard",
        "state",
        "statistic",
        "statue",
        "stick",
        "still",
        "store",
        "stranger",
        "strength",
        "string",
        "strongly",
        "studio",
        "stuff",
        "substance",
        "successfully",
        "sudden",
        "suffer",
        "suit",
        "suitable",
        "summarize",
        "summary",
        "supply",
        "supporter",
        "surely",
        "surface",
        "survive",
        "swim",
        "switch",
        "symptom",
        "tail",
        "talent",
        "talented",
        "tape",
        "tax",
        "technical",
        "technique",
        "tend",
        "tent",
        "that",
        "theirs",
        "theme",
        "theory",
        "therefore",
        "this",
        "though",
        "throat",
        "throughout",
        "tight",
        "till",
        "tin",
        "tiny",
        "tip",
        "toe",
        "tongue",
        "total",
        "totally",
        "touch",
        "tour",
        "trade",
        "translate",
        "translation",
        "transport",
        "treat",
        "treatment",
        "trend",
        "trick",
        "truth",
        "tube",
        "type",
        "typically",
        "tyre",
        "ugly",
        "unable",
        "uncomfortable",
        "underwear",
        "unemployed",
        "unemployment",
        "unfair",
        "union",
        "unless",
        "unlike",
        "unlikely",
        "unnecessary",
        "unpleasant",
        "update",
        "upon",
        "upset",
        "used",
        "valuable",
        "value",
        "various",
        "version",
        "victim",
        "view",
        "viewer",
        "violent",
        "volunteer",
        "vote",
        "warm",
        "warn",
        "warning",
        "waste",
        "water",
        "wave",
        "weapon",
        "weigh",
        "western",
        "whatever",
        "whenever",
        "whether",
        "while",
        "whole",
        "will",
        "win",
        "wing",
        "within",
        "wonder",
        "wool",
        "worldwide",
        "worry",
        "worse",
        "worst",
        "worth",
        "written",
        "wrong",
        "yard",
        "young",
        "youth"
      ]
    },
    {
      "name": "B2",
      "thumbnail": "oxford_b2.webp",
      "words": [
        "abandon",
        "absolute",
        "academic",
        "acceptable",
        "accompany",
        "account",
        "accurate",
        "accuse",
        "acknowledge",
        "acquire",
        "actual",
        "adapt",
        "additional",
        "address",
        "administration",
        "adopt",
        "advance",
        "affair",
        "afterwards",
        "agency",
        "agenda",
        "aggressive",
        "aid",
        "aircraft",
        "alarm",
        "alter",
        "amount",
        "anger",
        "angle",
        "anniversary",
        "annual",
        "anxious",
        "apparent",
        "apparently",
        "appeal",
        "approach",
        "appropriate",
        "approval",
        "approve",
        "arise",
        "armed",
        "arms",
        "artificial",
        "artistic",
        "ashamed",
        "aspect",
        "assess",
        "assessment",
        "associate",
        "associated",
        "association",
        "assume",
        "attempt",
        "back",
        "bacteria",
        "bar",
        "barrier",
        "basically",
        "battle",
        "bear",
        "beat",
        "beg",
        "being",
        "bent",
        "bet",
        "beyond",
        "bill",
        "bitter",
        "blame",
        "blind",
        "bond",
        "border",
        "breast",
        "brief",
        "broad",
        "broadcast",
        "budget",
        "bullet",
        "bunch",
        "burn",
        "bush",
        "but",
        "cable",
        "calculate",
        "cancel",
        "cancer",
        "capable",
        "capacity",
        "capture",
        "cast",
        "catch",
        "cell",
        "chain",
        "chair",
        "chairman",
        "challenge",
        "characteristic",
        "chart",
        "chief",
        "circumstance",
        "cite",
        "citizen",
        "civil",
        "classic",
        "close",
        "closely",
        "collapse",
        "combination",
        "comfort",
        "command",
        "commission",
        "commitment",
        "committee",
        "commonly",
        "complex",
        "complicated",
        "component",
        "concentration",
        "concept",
        "concern",
        "concerned",
        "conduct",
        "confidence",
        "conflict",
        "confusing",
        "conscious",
        "conservative",
        "consideration",
        "consistent",
        "constant",
        "constantly",
        "construct",
        "construction",
        "contemporary",
        "contest",
        "contract",
        "contribute",
        "contribution",
        "convert",
        "convinced",
        "core",
        "corporate",
        "council",
        "county",
        "courage",
        "crash",
        "creation",
        "creature",
        "credit",
        "crew",
        "crisis",
        "criterion",
        "critic",
        "critical",
        "criticism",
        "criticize",
        "crop",
        "crucial",
        "cry",
        "cure",
        "current",
        "curve",
        "curved",
        "date",
        "debate",
        "debt",
        "decent",
        "declare",
        "decline",
        "decoration",
        "decrease",
        "deeply",
        "defeat",
        "defence",
        "defend",
        "delay",
        "deliberate",
        "deliberately",
        "delight",
        "delighted",
        "delivery",
        "demand",
        "demonstrate",
        "deny",
        "depressed",
        "depressing",
        "depth",
        "desert",
        "deserve",
        "desire",
        "desperate",
        "detail",
        "detailed",
        "detect",
        "dig",
        "disc",
        "discipline",
        "discount",
        "dishonest",
        "disk",
        "dismiss",
        "display",
        "distribute",
        "distribution",
        "district",
        "divide",
        "division",
        "document",
        "domestic",
        "dominate",
        "downwards",
        "dozen",
        "draft",
        "drag",
        "dramatic",
        "edit",
        "edition",
        "efficient",
        "elderly",
        "elect",
        "elsewhere",
        "emerge",
        "emotional",
        "emphasis",
        "emphasize",
        "enable",
        "encounter",
        "engage",
        "enhance",
        "enquiry",
        "ensure",
        "enthusiasm",
        "enthusiastic",
        "entire",
        "entirely",
        "equal",
        "establish",
        "estate",
        "estimate",
        "ethical",
        "evaluate",
        "even",
        "evil",
        "examination",
        "excuse",
        "executive",
        "existence",
        "expectation",
        "expense",
        "exploration",
        "expose",
        "extend",
        "extent",
        "external",
        "extraordinary",
        "extreme",
        "facility",
        "failure",
        "faith",
        "fault",
        "favour",
        "feather",
        "fee",
        "feed",
        "feedback",
        "feel",
        "fellow",
        "figure",
        "file",
        "finance",
        "finding",
        "firm",
        "fix",
        "flame",
        "flash",
        "flexible",
        "float",
        "fold",
        "folding",
        "following",
        "forgive",
        "former",
        "fortune",
        "forward",
        "found",
        "free",
        "freedom",
        "frequency",
        "fuel",
        "fully",
        "function",
        "fund",
        "fundamental",
        "funding",
        "furthermore",
        "gain",
        "gang",
        "generate",
        "genre",
        "govern",
        "grab",
        "grade",
        "gradually",
        "grand",
        "grant",
        "guarantee",
        "handle",
        "harm",
        "harmful",
        "hearing",
        "heaven",
        "heel",
        "hell",
        "hesitate",
        "high",
        "hire",
        "hold",
        "hollow",
        "holy",
        "honour",
        "host",
        "house",
        "household",
        "housing",
        "humorous",
        "humour",
        "hunt",
        "hunting",
        "hurt",
        "ideal",
        "illustrate",
        "illustration",
        "imagination",
        "impatient",
        "imply",
        "impose",
        "impress",
        "impressed",
        "inch",
        "incident",
        "income",
        "increasingly",
        "industrial",
        "infection",
        "inform",
        "initial",
        "initially",
        "initiative",
        "inner",
        "inquiry",
        "insight",
        "insist",
        "inspire",
        "install",
        "instance",
        "institute",
        "institution",
        "insurance",
        "intended",
        "intense",
        "internal",
        "interpret",
        "interrupt",
        "investigation",
        "investment",
        "issue",
        "joy",
        "judgement",
        "junior",
        "justice",
        "justify",
        "labour",
        "landscape",
        "largely",
        "latest",
        "launch",
        "leadership",
        "league",
        "lean",
        "leave",
        "level",
        "licence",
        "limited",
        "line",
        "lively",
        "load",
        "loan",
        "logical",
        "long-term",
        "loose",
        "lord",
        "low",
        "lower",
        "lung",
        "maintain",
        "majority",
        "make",
        "map",
        "mass",
        "massive",
        "master",
        "matching",
        "material",
        "maximum",
        "means",
        "measurement",
        "medium",
        "melt",
        "military",
        "mineral",
        "minimum",
        "minister",
        "minor",
        "minority",
        "mission",
        "mistake",
        "mixed",
        "model",
        "modify",
        "monitor",
        "moral",
        "motor",
        "mount",
        "multiple",
        "multiply",
        "mysterious",
        "narrow",
        "national",
        "neat",
        "negative",
        "nerve",
        "nevertheless",
        "nightmare",
        "notion",
        "numerous",
        "obey",
        "object",
        "objective",
        "obligation",
        "observation",
        "observe",
        "obtain",
        "occasionally",
        "offence",
        "offend",
        "offensive",
        "official",
        "opening",
        "operate",
        "opponent",
        "oppose",
        "opposed",
        "opposition",
        "organ",
        "origin",
        "otherwise",
        "outcome",
        "outer",
        "outline",
        "overall",
        "owe",
        "pace",
        "package",
        "panel",
        "parliament",
        "participant",
        "partly",
        "passage",
        "patient",
        "pension",
        "permanent",
        "permit",
        "perspective",
        "phase",
        "phenomenon",
        "philosophy",
        "pick",
        "picture",
        "pile",
        "pitch",
        "plain",
        "plot",
        "plus",
        "pointed",
        "popularity",
        "pose",
        "position",
        "positive",
        "possess",
        "potential",
        "power",
        "praise",
        "pregnant",
        "preparation",
        "presence",
        "preserve",
        "price",
        "prime",
        "principle",
        "print",
        "priority",
        "privacy",
        "procedure",
        "process",
        "produce",
        "professional",
        "progress",
        "project",
        "proof",
        "proposal",
        "propose",
        "prospect",
        "protection",
        "psychologist",
        "psychology",
        "publication",
        "pupil",
        "purchase",
        "pure",
        "pursue",
        "range",
        "rank",
        "rapid",
        "rapidly",
        "rate",
        "raw",
        "reach",
        "realistic",
        "reasonable",
        "recall",
        "recover",
        "reduction",
        "regard",
        "regional",
        "register",
        "regret",
        "regulation",
        "relatively",
        "relevant",
        "relief",
        "rely",
        "remark",
        "representative",
        "reputation",
        "requirement",
        "rescue",
        "reserve",
        "resident",
        "resist",
        "resolve",
        "resort",
        "retain",
        "reveal",
        "revolution",
        "reward",
        "rhythm",
        "rid",
        "root",
        "round",
        "routine",
        "rub",
        "rubber",
        "rural",
        "rush",
        "sample",
        "satellite",
        "satisfied",
        "satisfy",
        "saving",
        "scale",
        "schedule",
        "scheme",
        "scream",
        "screen",
        "seat",
        "sector",
        "secure",
        "seek",
        "select",
        "selection",
        "self",
        "senior",
        "sense",
        "sensitive",
        "sentence",
        "sequence",
        "session",
        "settle",
        "severe",
        "shade",
        "shadow",
        "shallow",
        "shame",
        "shape",
        "shelter",
        "shift",
        "ship",
        "shock",
        "shocked",
        "shooting",
        "shot",
        "significant",
        "significantly",
        "silence",
        "silk",
        "sincere",
        "slave",
        "slide",
        "slight",
        "slip",
        "slope",
        "solar",
        "somewhat",
        "soul",
        "specialist",
        "species",
        "speed",
        "spiritual",
        "split",
        "sponsor",
        "spot",
        "spread",
        "spring",
        "stable",
        "stage",
        "stand",
        "stare",
        "status",
        "steady",
        "steel",
        "steep",
        "step",
        "sticky",
        "stiff",
        "stock",
        "stream",
        "stretch",
        "strict",
        "strike",
        "structure",
        "struggle",
        "stuff",
        "subject",
        "submit",
        "sum",
        "surgery",
        "surround",
        "surrounding",
        "survey",
        "suspect",
        "swear",
        "sweep",
        "switch",
        "sympathy",
        "tale",
        "tank",
        "target",
        "tear",
        "temporary",
        "term",
        "therapy",
        "threat",
        "threaten",
        "thus",
        "time",
        "title",
        "tone",
        "tough",
        "track",
        "transfer",
        "transform",
        "transition",
        "trial",
        "trip",
        "tropical",
        "trouble",
        "truly",
        "trust",
        "try",
        "tune",
        "tunnel",
        "ultimately",
        "unconscious",
        "unexpected",
        "unique",
        "universe",
        "unknown",
        "upper",
        "upwards",
        "urban",
        "urge",
        "value",
        "vary",
        "vast",
        "venue",
        "very",
        "via",
        "victory",
        "violence",
        "virtual",
        "vision",
        "visual",
        "vital",
        "vitamin",
        "volume",
        "wage",
        "way",
        "weakness",
        "wealth",
        "wealthy",
        "whereas",
        "wherever",
        "whisper",
        "whom",
        "widely",
        "wildlife",
        "willing",
        "wind",
        "wire",
        "wise",
        "witness",
        "worse",
        "worst",
        "worth",
        "wound",
        "wrap",
        "wrong",
        "yet",
        "zone"
      ]
    }
  ]
}
