{
  "name": "Nhóm từ cùng gốc",
  "subList": [
    {
      "name": "act (hành động)",
      "words": [
        {
          "word": "act",
          "sections": [
            {
              "label": "Động từ",
              "senses": [
                {
                  "gloss": "hành động, cư xử",
                  "examples": [
                    {
                      "text": "You should act quickly.",
                      "translation": "Bạn nên hành động nhanh chóng."
                    }
                  ]
                }
              ]
            },
            {
              "label": "Danh từ",
              "senses": [
                {
                  "gloss": "hành động, việc làm",
                  "examples": [
                    {
                      "text": "It was an act of kindness.",
                      "translation": "Đó là một hành động tử tế."
                    }
                  ]
                }
              ]
            }
          ]
        },
        {
          "word": "action",
          "image": "action.jpg",
          "sections": [
            {
              "label": "Danh từ",
              "senses": [
                {
                  "gloss": "hành động",
                  "examples": [
                    {
                      "text": "We need to take action now.",
                      "translation": "Chúng ta cần hành động ngay bây giờ."
                    }
                  ]
                }
              ]
            }
          ]
        },
        {
          "word": "active",
          "image": "active.jpg",
          "sections": [
            {
              "label": "Tính từ",
              "senses": [
                {
                  "gloss": "năng động, tích cực",
                  "examples": [
                    {
                      "text": "She is very active at work.",
                      "translation": "Cô ấy rất năng động trong công việc."
                    }
                  ]
                }
              ]
            }
          ]
        },
        {
          "word": "activity",
          "image": "activity.jpg",
          "sections": [
            {
              "label": "Danh từ",
              "senses": [
                {
                  "gloss": "hoạt động",
                  "examples": [
                    {
                      "text": "Outdoor activities are good for health.",
                      "translation": "Các hoạt động ngoài trời rất tốt cho sức khỏe."
                    }
                  ]
                }
              ]
            }
          ]
        },
        {
          "word": "actively",
          "image": "actively.jpg",
          "sections": [
            {
              "label": "Trạng từ",
              "senses": [
                {
                  "gloss": "một cách tích cực, chủ động",
                  "examples": [
                    {
                      "text": "He actively participates in class.",
                      "translation": "Anh ấy tích cực tham gia vào lớp học."
                    }
                  ]
                }
              ]
            }
          ]
        },
        {
          "word": "actor",
          "image": "actor.jpg",
          "sections": [
            {
              "label": "Danh từ",
              "senses": [
                {
                  "gloss": "nam diễn viên",
                  "examples": [
                    {
                      "text": "He is a famous actor.",
                      "translation": "Anh ấy là một diễn viên nổi tiếng."
                    }
                  ]
                }
              ]
            }
          ]
        },
        {
          "word": "react",
          "image": "react.jpg",
          "sections": [
            {
              "label": "Động từ",
              "senses": [
                {
                  "gloss": "phản ứng",
                  "examples": [
                    {
                      "text": "How did she react to the news?",
                      "translation": "Cô ấy phản ứng thế nào với tin đó?"
                    }
                  ]
                }
              ]
            }
          ]
        },
        {
          "word": "reaction",
          "image": "reaction.jpg",
          "sections": [
            {
              "label": "Danh từ",
              "senses": [
                {
                  "gloss": "sự phản ứng",
                  "examples": [
                    {
                      "text": "His reaction was surprising.",
                      "translation": "Phản ứng của anh ấy thật bất ngờ."
                    }
                  ]
                }
              ]
            }
          ]
        },
        {
          "word": "interaction",
          "image": "interaction.jpg",
          "sections": [
            {
              "label": "Danh từ",
              "senses": [
                {
                  "gloss": "sự tương tác",
                  "examples": [
                    {
                      "text": "Social interaction is important.",
                      "translation": "Sự tương tác xã hội rất quan trọng."
                    }
                  ]
                }
              ]
            }
          ]
        },
        {
          "word": "inactive",
          "image": "inactive.jpg",
          "sections": [
            {
              "label": "Tính từ",
              "senses": [
                {
                  "gloss": "không hoạt động, thụ động",
                  "examples": [
                    {
                      "text": "An inactive lifestyle is unhealthy.",
                      "translation": "Lối sống ít vận động không tốt cho sức khỏe."
                    }
                  ]
                }
              ]
            }
          ]
        }
      ]
    }
  ]
}
