{
  "name": "Nhóm từ cùng gốc",
  "subList": [
    {
      "name": "act (hành động)",
      "words": [
        {
          "word": "act",
          "image": "act.webp",
          "sections": [
            {
              "label": "Động từ",
              "senses": [
                {
                  "gloss": "Hành động, cư xử",
                  "examples": [
                    {
                      "text": "You should act quickly.",
                      "translation": "Bạn nên hành động nhanh chóng."
                    },
                    {
                      "text": "He acted calmly in the situation.",
                      "translation": "Anh ấy cư xử bình tĩnh trong tình huống đó."
                    }
                  ]
                }
              ]
            },
            {
              "label": "Danh từ",
              "senses": [
                {
                  "gloss": "Hành động, việc làm",
                  "examples": [
                    {
                      "text": "It was an act of kindness.",
                      "translation": "Đó là một hành động tử tế."
                    },
                    {
                      "text": "Helping others is a good act.",
                      "translation": "Giúp đỡ người khác là một việc làm tốt."
                    }
                  ]
                }
              ]
            }
          ]
        },
        {
          "word": "action",
          "image": "action.webp",
          "sections": [
            {
              "label": "Danh từ",
              "senses": [
                {
                  "gloss": "Hành động",
                  "examples": [
                    {
                      "text": "We need to take action now.",
                      "translation": "Chúng ta cần hành động ngay bây giờ."
                    },
                    {
                      "text": "Her actions show she cares.",
                      "translation": "Hành động của cô ấy cho thấy cô ấy quan tâm."
                    }
                  ]
                }
              ]
            }
          ]
        },
        {
          "word": "actionable",
          "image": "actionable.webp",
          "sections": [
            {
              "label": "Tính từ",
              "senses": [
                {
                  "gloss": "Có thể hành động được, có thể áp dụng",
                  "examples": [
                    {
                      "text": "We need actionable advice.",
                      "translation": "Chúng ta cần những lời khuyên có thể áp dụng được."
                    },
                    {
                      "text": "The report gives actionable steps.",
                      "translation": "Báo cáo đưa ra các bước có thể thực hiện được."
                    }
                  ]
                }
              ]
            }
          ]
        },
        {
          "word": "active",
          "image": "active.webp",
          "sections": [
            {
              "label": "Tính từ",
              "senses": [
                {
                  "gloss": "Năng động, tích cực",
                  "examples": [
                    {
                      "text": "She is very active at work.",
                      "translation": "Cô ấy rất năng động trong công việc."
                    },
                    {
                      "text": "He keeps an active lifestyle.",
                      "translation": "Anh ấy duy trì lối sống năng động."
                    }
                  ]
                }
              ]
            }
          ]
        },
        {
          "word": "activity",
          "image": "activity.webp",
          "sections": [
            {
              "label": "Danh từ",
              "senses": [
                {
                  "gloss": "Hoạt động",
                  "examples": [
                    {
                      "text": "Outdoor activities are good for health.",
                      "translation": "Các hoạt động ngoài trời rất tốt cho sức khỏe."
                    },
                    {
                      "text": "Reading is my favorite activity.",
                      "translation": "Đọc sách là hoạt động yêu thích của tôi."
                    }
                  ]
                }
              ]
            }
          ]
        },
        {
          "word": "actively",
          "image": "actively.webp",
          "sections": [
            {
              "label": "Trạng từ",
              "senses": [
                {
                  "gloss": "Một cách tích cực, chủ động",
                  "examples": [
                    {
                      "text": "He actively participates in class.",
                      "translation": "Anh ấy tích cực tham gia vào lớp học."
                    },
                    {
                      "text": "She is actively looking for a job.",
                      "translation": "Cô ấy đang chủ động tìm việc."
                    }
                  ]
                }
              ]
            }
          ]
        },
        {
          "word": "actor",
          "image": "actor.webp",
          "sections": [
            {
              "label": "Danh từ",
              "senses": [
                {
                  "gloss": "Nam diễn viên",
                  "examples": [
                    {
                      "text": "He is a famous actor.",
                      "translation": "Anh ấy là một diễn viên nổi tiếng."
                    },
                    {
                      "text": "The actor won an award.",
                      "translation": "Nam diễn viên đó đã giành được giải thưởng."
                    }
                  ]
                }
              ]
            }
          ]
        },
        {
          "word": "actress",
          "image": "actress.webp",
          "sections": [
            {
              "label": "Danh từ",
              "senses": [
                {
                  "gloss": "Nữ diễn viên",
                  "examples": [
                    {
                      "text": "She is a talented actress.",
                      "translation": "Cô ấy là một nữ diễn viên tài năng."
                    },
                    {
                      "text": "The actress starred in many films.",
                      "translation": "Nữ diễn viên đó đóng vai chính trong nhiều bộ phim."
                    }
                  ]
                }
              ]
            }
          ]
        },
        {
          "word": "acting",
          "image": "acting.webp",
          "sections": [
            {
              "label": "Danh từ",
              "senses": [
                {
                  "gloss": "Diễn xuất",
                  "examples": [
                    {
                      "text": "Acting requires practice and emotion.",
                      "translation": "Diễn xuất đòi hỏi luyện tập và cảm xúc."
                    },
                    {
                      "text": "She studies acting at university.",
                      "translation": "Cô ấy học diễn xuất ở trường đại học."
                    }
                  ]
                }
              ]
            }
          ]
        },
        {
          "word": "react",
          "image": "react.webp",
          "sections": [
            {
              "label": "Động từ",
              "senses": [
                {
                  "gloss": "Phản ứng",
                  "examples": [
                    {
                      "text": "How did she react to the news?",
                      "translation": "Cô ấy phản ứng thế nào với tin đó?"
                    },
                    {
                      "text": "Children react quickly to changes.",
                      "translation": "Trẻ em phản ứng nhanh với sự thay đổi."
                    }
                  ]
                }
              ]
            }
          ]
        },
        {
          "word": "reaction",
          "image": "reaction.webp",
          "sections": [
            {
              "label": "Danh từ",
              "senses": [
                {
                  "gloss": "Sự phản ứng",
                  "examples": [
                    {
                      "text": "His reaction was surprising.",
                      "translation": "Phản ứng của anh ấy thật bất ngờ."
                    },
                    {
                      "text": "She showed no reaction.",
                      "translation": "Cô ấy không tỏ ra phản ứng gì."
                    }
                  ]
                }
              ]
            }
          ]
        },
        {
          "word": "interaction",
          "image": "interaction.webp",
          "sections": [
            {
              "label": "Danh từ",
              "senses": [
                {
                  "gloss": "Sự tương tác",
                  "examples": [
                    {
                      "text": "Social interaction is important.",
                      "translation": "Sự tương tác xã hội rất quan trọng."
                    },
                    {
                      "text": "There is little interaction in online classes.",
                      "translation": "Có rất ít sự tương tác trong các lớp học trực tuyến."
                    }
                  ]
                }
              ]
            }
          ]
        },
        {
          "word": "inactive",
          "image": "inactive.webp",
          "sections": [
            {
              "label": "Tính từ",
              "senses": [
                {
                  "gloss": "Không hoạt động, thụ động",
                  "examples": [
                    {
                      "text": "An inactive lifestyle is unhealthy.",
                      "translation": "Lối sống ít vận động không tốt cho sức khỏe."
                    },
                    {
                      "text": "The account is inactive.",
                      "translation": "Tài khoản này không hoạt động."
                    }
                  ]
                }
              ]
            }
          ]
        }
      ]
    },
    {
      "name": "sleep (ngủ)",
      "words": [
        {
          "word": "sleep",
          "sections": [
            {
              "label": "Động từ",
              "senses": [
                {
                  "gloss": "ngủ",
                  "examples": [
                    {
                      "text": "I usually sleep eight hours a day.",
                      "translation": "Tôi thường ngủ tám tiếng mỗi ngày."
                    }
                  ]
                }
              ]
            },
            {
              "label": "Danh từ",
              "senses": [
                {
                  "gloss": "giấc ngủ",
                  "examples": [
                    {
                      "text": "She needs more sleep.",
                      "translation": "Cô ấy cần ngủ nhiều hơn."
                    }
                  ]
                }
              ]
            }
          ]
        },
        {
          "word": "asleep",
          "image": "asleep.webp",
          "sections": [
            {
              "label": "Tính từ",
              "senses": [
                {
                  "gloss": "đang ngủ",
                  "examples": [
                    {
                      "text": "The baby is asleep.",
                      "translation": "Em bé đang ngủ."
                    }
                  ]
                }
              ]
            }
          ]
        },
        {
          "word": "sleepy",
          "image": "sleepy.webp",
          "sections": [
            {
              "label": "Tính từ",
              "senses": [
                {
                  "gloss": "buồn ngủ",
                  "examples": [
                    {
                      "text": "I feel sleepy after lunch.",
                      "translation": "Tôi cảm thấy buồn ngủ sau bữa trưa."
                    }
                  ]
                }
              ]
            }
          ]
        },
        {
          "word": "sleepless",
          "image": "sleepless.webp",
          "sections": [
            {
              "label": "Tính từ",
              "senses": [
                {
                  "gloss": "mất ngủ, không ngủ được",
                  "examples": [
                    {
                      "text": "He spent a sleepless night.",
                      "translation": "Anh ấy đã trải qua một đêm mất ngủ."
                    }
                  ]
                }
              ]
            }
          ]
        },
        {
          "word": "sleeplessness",
          "image": "sleeplessness.webp",
          "sections": [
            {
              "label": "Danh từ",
              "senses": [
                {
                  "gloss": "chứng mất ngủ",
                  "examples": [
                    {
                      "text": "Stress can cause sleeplessness.",
                      "translation": "Căng thẳng có thể gây ra chứng mất ngủ."
                    }
                  ]
                }
              ]
            }
          ]
        },
        {
          "word": "sleepwalker",
          "image": "sleepwalker.webp",
          "sections": [
            {
              "label": "Danh từ",
              "senses": [
                {
                  "gloss": "người mộng du",
                  "examples": [
                    {
                      "text": "He is a sleepwalker.",
                      "translation": "Anh ấy là người hay mộng du."
                    }
                  ]
                }
              ]
            }
          ]
        },
        {
          "word": "sleepwalking",
          "image": "sleepwalking.webp",
          "sections": [
            {
              "label": "Danh từ",
              "senses": [
                {
                  "gloss": "chứng mộng du",
                  "examples": [
                    {
                      "text": "Sleepwalking usually happens at night.",
                      "translation": "Chứng mộng du thường xảy ra vào ban đêm."
                    }
                  ]
                }
              ]
            }
          ]
        }
      ]
    },
    {
      "name": "work (làm việc)",
      "words": [
        {
          "word": "work",
          "sections": [
            {
              "label": "Động từ",
              "senses": [
                {
                  "gloss": "làm việc",
                  "examples": [
                    {
                      "text": "I work in an office.",
                      "translation": "Tôi làm việc trong một văn phòng."
                    }
                  ]
                }
              ]
            },
            {
              "label": "Danh từ",
              "senses": [
                {
                  "gloss": "công việc",
                  "examples": [
                    {
                      "text": "This is hard work.",
                      "translation": "Đây là một công việc vất vả."
                    }
                  ]
                }
              ]
            }
          ]
        },
        {
          "word": "worker",
          "image": "worker.webp",
          "sections": [
            {
              "label": "Danh từ",
              "senses": [
                {
                  "gloss": "người lao động, công nhân",
                  "examples": [
                    {
                      "text": "The company employs many workers.",
                      "translation": "Công ty tuyển dụng nhiều công nhân."
                    }
                  ]
                }
              ]
            }
          ]
        },
        {
          "word": "working",
          "image": "working.webp",
          "sections": [
            {
              "label": "Tính từ",
              "senses": [
                {
                  "gloss": "đang hoạt động, đang làm việc",
                  "examples": [
                    {
                      "text": "The machine is still working.",
                      "translation": "Cái máy vẫn đang hoạt động."
                    }
                  ]
                }
              ]
            }
          ]
        },
        {
          "word": "workplace",
          "image": "workplace.webp",
          "sections": [
            {
              "label": "Danh từ",
              "senses": [
                {
                  "gloss": "nơi làm việc",
                  "examples": [
                    {
                      "text": "Safety is important in the workplace.",
                      "translation": "An toàn rất quan trọng ở nơi làm việc."
                    }
                  ]
                }
              ]
            }
          ]
        },
        {
          "word": "workforce",
          "image": "workforce.webp",
          "sections": [
            {
              "label": "Danh từ",
              "senses": [
                {
                  "gloss": "lực lượng lao động",
                  "examples": [
                    {
                      "text": "The company has a skilled workforce.",
                      "translation": "Công ty có lực lượng lao động lành nghề."
                    }
                  ]
                }
              ]
            }
          ]
        },
        {
          "word": "hardworking",
          "image": "hardworking.webp",
          "sections": [
            {
              "label": "Tính từ",
              "senses": [
                {
                  "gloss": "chăm chỉ, siêng năng",
                  "examples": [
                    {
                      "text": "She is a hardworking employee.",
                      "translation": "Cô ấy là một nhân viên chăm chỉ."
                    }
                  ]
                }
              ]
            }
          ]
        },
        {
          "word": "overwork",
          "image": "overwork.webp",
          "sections": [
            {
              "label": "Động từ",
              "senses": [
                {
                  "gloss": "làm việc quá sức",
                  "examples": [
                    {
                      "text": "He tends to overwork himself.",
                      "translation": "Anh ấy có xu hướng làm việc quá sức."
                    }
                  ]
                }
              ]
            },
            {
              "label": "Danh từ",
              "senses": [
                {
                  "gloss": "sự làm việc quá sức",
                  "examples": [
                    {
                      "text": "Overwork can cause health problems.",
                      "translation": "Làm việc quá sức có thể gây ra vấn đề sức khỏe."
                    }
                  ]
                }
              ]
            }
          ]
        },
        {
          "word": "workload",
          "image": "workload.webp",
          "sections": [
            {
              "label": "Danh từ",
              "senses": [
                {
                  "gloss": "khối lượng công việc",
                  "examples": [
                    {
                      "text": "She has a heavy workload.",
                      "translation": "Cô ấy có khối lượng công việc lớn."
                    }
                  ]
                }
              ]
            }
          ]
        },
        {
          "word": "teamwork",
          "image": "teamwork.webp",
          "sections": [
            {
              "label": "Danh từ",
              "senses": [
                {
                  "gloss": "làm việc nhóm",
                  "examples": [
                    {
                      "text": "Teamwork leads to success.",
                      "translation": "Làm việc nhóm dẫn đến thành công."
                    }
                  ]
                }
              ]
            }
          ]
        },
        {
          "word": "network",
          "image": "network.webp",
          "sections": [
            {
              "label": "Danh từ",
              "senses": [
                {
                  "gloss": "mạng lưới, hệ thống kết nối",
                  "examples": [
                    {
                      "text": "A strong network helps career growth.",
                      "translation": "Một mạng lưới tốt giúp phát triển sự nghiệp."
                    }
                  ]
                }
              ]
            },
            {
              "label": "Động từ",
              "senses": [
                {
                  "gloss": "xây dựng mối quan hệ",
                  "examples": [
                    {
                      "text": "It's important to network with others.",
                      "translation": "Việc xây dựng mối quan hệ với người khác rất quan trọng."
                    }
                  ]
                }
              ]
            }
          ]
        }
      ]
    }
  ]
}
