{
  "name": "Cơ bản",
  "subList": [
    {
      "name": "Động vật 1",
      "thumbnail": "🐲",
      "words": {
        "rabbit": "🐇",
        "fox": "🦊",
        "wolf": "🐺",
        "snake": "🐍",
        "elephant": "🐘",
        "dragon": "🐲",
        "bear": "🐻",
        "cat": "🐈",
        "dog": "🐕",
        "tiger": "🐅",
        "cow": "🐄",
        "lion": "🦁",
        "pig": "🐖",
        "sheep": "🐑",
        "goat": "🐐",
        "seal": "🦭",
        "whale": "🐋",
        "dolphin": "🐬",
        "spider": "🕷️",
        "ant": "🐜",
        "bee": "🐝",
        "snail": "🐌",
        "giraffe": "🦒",
        "monkey": "🐒",
        "bird": "🐦",
        "eagle": "🦅",
        "fish": "🐟"
      }
    },
    {
      "name": "Động vật 2",
      "thumbnail": "🐔",
      "words": {
        "shark": "🦈",
        "squirrel": "🐿️",
        "deer": "🦌",
        "turtle": "🐢",
        "hedgehog": "🦔",
        "leopard": "🐆",
        "dinosaur": "🦕",
        "zebra": "🦓",
        "horse": "🐎",
        "hippopotamus": "🦛",
        "rhinoceros": "🦏",
        "bison": "🦬",
        "bull": "🐂",
        "kangaroo": "🦘",
        "frog": "🐸",
        "badger": "🦡",
        "duck": "🦆",
        "goose": "🪿",
        "cock": "🐓",
        "chicken": "🐔",
        "swan": "🦢",
        "mouse": "🐁",
        "crab": "🦀",
        "octopus": "🐙",
        "bat": "🦇",
        "lizard": "🦎"
      }
    },
    {
      "name": "Động vật 3",
      "thumbnail": "🐼",
      "words": {
        "koala": "🐨",
        "gorilla": "🦍",
        "sloth": "🦥",
        "panda": "🐼",
        "camel": "🐪",
        "llama": "🦙",
        "beaver": "🦫",
        "peacock": "🦚",
        "owl": "🦉",
        "crocodile": "🐊",
        "scorpion": "🦂",
        "butterfly": "🦋",
        "caterpillar": "🐛",
        "ladybug": "🐞",
        "penguin": "🐧",
        "hamster": "🐹",
        "otter": "🦦",
        "parrot": "🦜",
        "flamingo": "🦩",
        "mammoth": "🦣",
        "pigeon": "🕊️",
        "unicorn": "🦄",
        "donkey": "🫏",
        "moose": "🫎",
        "chick": "🐤",
        "jellyfish": "🪼",
        "shell": "🐚",
        "worm": "🪱",
        "egg": "🥚"
      }
    },
    {
      "name": "Thành phố",
      "thumbnail": "🏢",
      "words": {
        "building": "🏢",
        "house": "🏠",
        "slide": "🛝",
        "car": "🚗",
        "bus": "🚌",
        "train": "🚆",
        "traffic light": "🚦",
        "airplane": "🛬",
        "hospital": "🏥",
        "ambulance": "🚑",
        "fire-truck": "🚒",
        "policeman": "👮",
        "ship": "🚢",
        "boat": "🛥️",
        "tram-car": "🚋"
      }
    },
    {
      "name": "Cảm xúc",
      "thumbnail": "😍",
      "words": {
        "happy": "😀",
        "tired": "🥱",
        "worried": "😟",
        "angry": "😠",
        "proud": "😊",
        "bored": "🫤",
        "excited": "😃",
        "upset": "😭",
        "embarrassed": "🫣",
        "sad": "😢",
        "sick": "🤒",
        "hungry": "😋",
        "surprised": "😲",
        "relaxed": "😌",
        "scared": "😨",
        "pensive": "🤔",
        "furious": "😤",
        "hurt": "🤕",
        "cold": "🥶",
        "hot": "🥵",
        "adore": "😍",
        "silly": "🤪",
        "disappointed": "😒"
      }
    },
    {
      "name": "Phương tiện",
      "thumbnail": "🚗",
      "words": {
        "car": "🚗",
        "sports-car": "🏎️",
        "bicycle": "🚲",
        "motor-bike": "🏍️",
        "tram-car": "🚋",
        "locomotive": "🚂",
        "ship": "🚢",
        "boat": "🛥️",
        "rocket": "🚀",
        "skateboard": "🛹",
        "roller-skate": "🛼",
        "ice-skate": "⛸",
        "scooter": "🛴",
        "parachute": "🪂",
        "airplane": "🛬",
        "helicopter": "🚁",
        "truck": "🚚",
        "train": "🚆",
        "bus": "🚌",
        "ski": "🎿",
        "sled": "🛷"
      }
    },
    {
      "name": "Ăn uống 1",
      "thumbnail": "🍅",
      "words": {
        "fish": "🐟",
        "tomato": "🍅",
        "carrot": "🥕",
        "eggplant": "🍆",
        "pea": "🫛",
        "bean": "🫘",
        "grape": "🍇",
        "blueberry": "🫐",
        "pineapple": "🍍",
        "mango": "🥭",
        "corn": "🌽",
        "popcorn": "🍿",
        "potato": "🥔",
        "broccoli": "🥦",
        "apple": "🍏",
        "lemon": "🍋",
        "orange": "🍊",
        "banana": "🍌",
        "pear": "🍐",
        "watermelon": "🍉",
        "cherry": "🍒",
        "strawberry": "🍓",
        "pretzel": "🥨",
        "peanut": "🥜",
        "lollipop": "🍭",
        "butter": "🧈"
      }
    },
    {
      "name": "Ăn uống 2",
      "thumbnail": "🧄",
      "words": {
        "peach": "🍑",
        "cucumber": "🥒",
        "melon": "🍈",
        "coconut": "🥥",
        "chestnut": "🌰",
        "onion": "🧅",
        "garlic": "🧄",
        "olive": "🫒",
        "chili": "🌶",
        "pizza": "🍕",
        "spaghetti": "🍝",
        "rice": "🍚",
        "doughnut": "🍩",
        "cookie": "🍪",
        "cake": "🎂",
        "cupcake": "🧁",
        "pie": "🥧",
        "bread": "🍞",
        "croissant": "🥐",
        "bacon": "🥓",
        "pancake": "🥞",
        "egg": "🥚",
        "hamburger": "🍔",
        "sandwich": "🥪",
        "soup": "🍲",
        "spoon": "🥄"
      }
    },
    {
      "name": "Bộ phận cơ thể",
      "thumbnail": "🧍",
      "words": {
        "head": "🗣️",
        "face": "🙂",
        "eye": "👁️",
        "eyes": "👀",
        "ear": "👂",
        "nose": "👃",
        "mouth": "👄",
        "tongue": "👅",
        "tooth": "🦷",
        "brain": "🧠",
        "heart": "❤️",
        "hand": "🤚",
        "finger": "🤌",
        "leg": "🦵",
        "foot": "🦶",
        "muscle": "💪"
      }
    },
    {
      "name": "Thời tiết",
      "thumbnail": "⛅",
      "words": {
        "sun": "☀️",
        "cloud": "☁️",
        "rain": "🌧️",
        "storm": "⛈️",
        "lightning": "⚡",
        "snow": "❄️",
        "rainbow": "🌈",
        "fog": "🌫️",
        "wind": "🌬️",
        "tornado": "🌪️",
        "umbrella": "☂️"
      }
    },
    {
      "name": "Áo quần",
      "thumbnail": "🧥",
      "words": {
        "shirt": "👕",
        "pants": "👖",
        "shorts": "🩳",
        "dress": "👗",
        "skirt": "🩱",
        "jacket": "🧥",
        "coat": "🧥",
        "shoe": "👟",
        "boot": "🥾",
        "sock": "🧦",
        "hat": "👒",
        "cap": "🧢",
        "glove": "🧤",
        "scarf": "🧣",
        "backpack": "🎒"
      }
    },
    {
      "name": "Nhà & Nội thất",
      "thumbnail": "🏠",
      "words": {
        "bed": "🛏️",
        "couch": "🛋️",
        "chair": "🪑",
        "lamp": "💡",
        "door": "🚪",
        "window": "🪟",
        "mirror": "🪞",
        "shower": "🚿",
        "bath": "🛁",
        "toilet": "🚽",
        "meal": "🍽️",
        "fridge": "🧊",
        "computer": "💻",
        "TV": "📺"
      }
    },
    {
      "name": "Tự nhiên",
      "thumbnail": "🌿",
      "words": {
        "tree": "🌳",
        "flower": "🌸",
        "leaf": "🍃",
        "mushroom": "🍄",
        "mountain": "⛰️",
        "volcano": "🌋",
        "desert": "🏜️",
        "beach": "🏖️",
        "island": "🏝️",
        "water": "💧",
        "fire": "🔥",
        "moon": "🌙",
        "star": "⭐"
      }
    },
    {
      "name": "Công việc",
      "thumbnail": "👔",
      "words": {
        "doctor": "👩‍⚕️",
        "nurse": "👨‍⚕️",
        "police": "👮",
        "firefighter": "👩‍🚒",
        "teacher": "👩‍🏫",
        "student": "🧑‍🎓",
        "cook": "👨‍🍳",
        "farmer": "👩‍🌾",
        "artist": "👨‍🎨",
        "mechanic": "🧑‍🔧",
        "builder": "👷",
        "judge": "👩‍⚖️",
        "pilot": "👨‍✈️",
        "astronaut": "🧑‍🚀"
      }
    }
  ]
}
