{
  "name": "TOEIC 1000 từ",
  "subList": [
    {
      "name": "Hợp đồng (Contracts)",
      "words": [
        "agreement",
        "assurance",
        "abide by",
        "according to",
        "additional",
        "adjust",
        "annual",
        "area",
        "assess",
        "cancellation",
        "determine",
        "engage",
        "establish",
        "obligate",
        "party",
        "provision",
        "resolve",
        "specific"
      ]
    },
    {
      "name": "Tiếp thị (Marketing)",
      "words": [
        "attract",
        "awareness",
        "beneficial",
        "boost",
        "bottom line",
        "briefing",
        "budget",
        "currently",
        "convince",
        "consume",
        "competition",
        "compare",
        "fad",
        "inspiration",
        "market",
        "productive",
        "persuasion",
        "satisfaction"
      ]
    },
    {
      "name": "Bảo hành (Warranties)",
      "words": [
        "accident",
        "accurate",
        "adapter",
        "adjustment",
        "amend",
        "appliance",
        "assemble",
        "careless",
        "cover",
        "consequence",
        "characteristic",
        "expiration",
        "frequently",
        "imply",
        "promise",
        "require",
        "reputation",
        "variety"
      ]
    },
    {
      "name": "Kế hoạch kinh doanh (Business planning)",
      "words": [
        "avoid",
        "address",
        "chain store",
        "charge",
        "client",
        "commission",
        "company",
        "compensate",
        "competitor",
        "develop",
        "demonstrate",
        "evaluate",
        "offer",
        "gather",
        "substitution",
        "primarily",
        "strengthen",
        "strategy",
        "risk"
      ]
    },
    {
      "name": "Hội nghị (Conferences)",
      "words": [
        "attend",
        "association",
        "arrangement",
        "accommodate",
        "book",
        "bulletin",
        "cafeteria",
        "cancellation",
        "candidacy",
        "capacity",
        "celebration",
        "hold",
        "location",
        "overcrowded",
        "register",
        "session",
        "select",
        "take part in"
      ]
    },
    {
      "name": "Máy tính (Computers)",
      "words": [
        "allocate",
        "access",
        "administration",
        "compatible with something",
        "connect",
        "control",
        "control panel",
        "cycle",
        "duplicate",
        "display",
        "delete",
        "detect",
        "figure out",
        "failure",
        "ignore",
        "shut down",
        "search",
        "warning"
      ]
    },
    {
      "name": "Công nghệ văn phòng (Office technology)",
      "words": [
        "as needed",
        "affordable",
        "be in charge of",
        "capacity",
        "classify",
        "durable",
        "deliver",
        "device",
        "disconnect",
        "file",
        "folder",
        "initiative",
        "provider",
        "physically",
        "reduction",
        "recur",
        "stock",
        "stay on top of"
      ]
    },
    {
      "name": "Thủ tục văn phòng (Office procedures)",
      "words": [
        "appreciation",
        "bring",
        "be made of",
        "code",
        "casually",
        "expose",
        "functional",
        "glimpse",
        "gesture",
        "guideline",
        "head office",
        "implement",
        "outdated",
        "out of",
        "practice",
        "reinforce",
        "verbally"
      ]
    },
    {
      "name": "Điện tử (Electronics)",
      "words": [
        "assemble",
        "attachment",
        "browser",
        "capacity",
        "connect",
        "device",
        "disconnect",
        "process",
        "popularity",
        "network",
        "facilitate",
        "revolution",
        "replace",
        "skill",
        "sharp",
        "store",
        "software",
        "technical"
      ]
    },
    {
      "name": "Thư tín (Correspondences)",
      "words": [
        "assemble",
        "beforehand",
        "courier",
        "complication",
        "distribute",
        "distribute",
        "document",
        "express",
        "enroll",
        "fold",
        "fax",
        "fold",
        "handy",
        "highlight",
        "identification",
        "layout",
        "mention",
        "proof",
        "petition",
        "revise"
      ]
    },
    {
      "name": "Mô tả công việc và tuyển dụng (Job advertising and recruiting)",
      "words": [
        "abundant",
        "accomplishment",
        "bring together",
        "candidate",
        "come up with",
        "commensurate with",
        "improper",
        "improve",
        "include",
        "income",
        "inconvenience",
        "individual",
        "match",
        "profile",
        "qualification",
        "recruit",
        "submit",
        "time-consuming"
      ]
    },
    {
      "name": "Ứng tuyển và phỏng vấn (Applying and interviewing)",
      "words": [
        "apply for",
        "ability",
        "background",
        "constantly",
        "confidence",
        "call in",
        "expert",
        "follow up",
        "hesitate",
        "inexperienced",
        "intently",
        "intern",
        "internal",
        "interview",
        "international",
        "invite",
        "present",
        "weaken"
      ]
    },
    {
      "name": "Tuyển dụng và đào tạo (Hiring and training)",
      "words": [
        "conduct",
        "generate",
        "hire",
        "join",
        "knowledge",
        "keep up with",
        "labor",
        "lack",
        "look up to somebody",
        "law",
        "log on",
        "mentor",
        "on track",
        "reject",
        "success",
        "set up",
        "train",
        "update"
      ]
    },
    {
      "name": "Lương và phúc lợi (Salaries and benefits)",
      "words": [
        "be aware of",
        "basis",
        "benefit",
        "compensate",
        "delicate",
        "eligible",
        "flexibly",
        "million",
        "motivate",
        "notice",
        "obligation",
        "obtain",
        "obviously",
        "opportunity",
        "overtime",
        "particularly",
        "payment",
        "permission",
        "personal"
      ]
    },
    {
      "name": "Thăng tiến, lương hưu và giải thưởng (Promotions, pensions and awards)",
      "words": [
        "achievement",
        "accomplish",
        "accurate",
        "acquire",
        "advance",
        "advantage",
        "afford",
        "appoint",
        "contribute",
        "dedicate to",
        "loyal",
        "look to somebody",
        "looking forward to V-ing",
        "merit",
        "obviously",
        "promote",
        "productive",
        "recognition",
        "value"
      ]
    },
    {
      "name": "Mua sắm (Shopping)",
      "words": [
        "accounting",
        "advertisement",
        "behavior",
        "bear",
        "bargain",
        "backpack",
        "bar code",
        "comfort",
        "checkout",
        "charge",
        "explore",
        "expand",
        "item",
        "merchandise",
        "mandatory",
        "strictly",
        "trend"
      ]
    },
    {
      "name": "Đặt hàng nhà cung cấp (Ordering supplies)",
      "words": [
        "commonly",
        "classify",
        "cheap",
        "consistent",
        "compare",
        "compromise",
        "diversify",
        "demand",
        "demanding",
        "essentially",
        "enterprise",
        "function",
        "maintain",
        "obtain",
        "prerequisite",
        "quality",
        "smooth",
        "stationery",
        "source"
      ]
    },
    {
      "name": "Vận chuyển (Shipping)",
      "words": [
        "accurately",
        "carrier",
        "catalog",
        "cautious",
        "fulfill",
        "inventory",
        "integral",
        "immediate",
        "inventory",
        "invoice",
        "itemize",
        "minimize",
        "on hand",
        "supply",
        "sufficiently",
        "ship",
        "receive"
      ]
    },
    {
      "name": "Hóa đơn (Invoices)",
      "words": [
        "customer",
        "compile",
        "charge",
        "dispute",
        "discount",
        "estimate",
        "efficient",
        "impose",
        "label",
        "lack",
        "liability",
        "list",
        "mandatory",
        "merchandise",
        "mistake",
        "prompt",
        "rectify",
        "terms"
      ]
    },
    {
      "name": "Hàng hóa (Inventory)",
      "words": [
        "adjustment",
        "automatic",
        "crucial",
        "discrepancy",
        "disturb",
        "install",
        "merger",
        "misrepresent",
        "operation",
        "package",
        "parcel",
        "reflection",
        "run",
        "scan",
        "subtract",
        "tedium",
        "verify"
      ]
    },
    {
      "name": "Ngân hàng (Banking)",
      "words": [
        "accept",
        "borrow",
        "balance",
        "cautiously",
        "down payment",
        "dividend",
        "deduct",
        "mortgage",
        "persuade",
        "point",
        "policy",
        "postponement",
        "potential",
        "predictable",
        "restricted",
        "signature",
        "transaction",
        "take out"
      ]
    },
    {
      "name": "Kế toán (Accounting)",
      "words": [
        "audit",
        "asset",
        "accumulate",
        "accounting",
        "adjust",
        "build up",
        "budget",
        "bargain",
        "client",
        "debt",
        "debit",
        "definite",
        "deposit",
        "differential",
        "outstanding",
        "profitable",
        "reconcile",
        "turnover"
      ]
    },
    {
      "name": "Đầu tư (Investments)",
      "words": [
        "attitude",
        "aggressive",
        "conservative",
        "commit",
        "fund",
        "invest",
        "long-term",
        "lease",
        "lend",
        "loan",
        "managerial",
        "mortgage",
        "pull out",
        "portfolio",
        "return",
        "property",
        "resource",
        "wisely"
      ]
    },
    {
      "name": "Báo cáo tài chính (Financial statements)",
      "words": [
        "analysis",
        "annual",
        "cash",
        "complexity",
        "conclusion",
        "criterion",
        "detail",
        "desire",
        "forecast",
        "level",
        "overall",
        "perspective",
        "project",
        "realistic",
        "target",
        "typically",
        "translation",
        "yield"
      ]
    },
    {
      "name": "Thuế (Taxes)",
      "words": [
        "calculation",
        "deadline",
        "dispose",
        "dividend",
        "downsize",
        "duty-free",
        "exact",
        "executive",
        "fill out",
        "file",
        "own",
        "joint",
        "give up",
        "preparation",
        "penalty",
        "refund",
        "spouse",
        "withhold"
      ]
    },
    {
      "name": "Tài sản và phòng ban (Property and departments)",
      "words": [
        "adjacent",
        "lobby",
        "conductive",
        "concentrate on",
        "collaboration",
        "disruption",
        "factory",
        "goods",
        "hamper",
        "inconsiderate",
        "item",
        "opt",
        "open to",
        "move up",
        "merchandise",
        "premises",
        "priceless",
        "scrutiny"
      ]
    },
    {
      "name": "Họp hội đồng và phòng ban (Board meetings and committees)",
      "words": [
        "agenda",
        "adhere to",
        "bring up",
        "conclude",
        "goal",
        "go ahead",
        "lengthy",
        "matter",
        "probability",
        "process",
        "profitability",
        "progressive",
        "progress",
        "priority",
        "periodically",
        "rate",
        "rearrange",
        "waste"
      ]
    },
    {
      "name": "Phát triển sản phẩm (Product development)",
      "words": [
        "assume",
        "ascertain",
        "anxious",
        "decade",
        "differential",
        "dispose",
        "experiment",
        "examine",
        "logical",
        "regular",
        "redundant",
        "reduce",
        "recommendation",
        "responsibility",
        "research",
        "systematic",
        "supervisor",
        "solve"
      ]
    },
    {
      "name": "Quản trị chất lượng (Quality control)",
      "words": [
        "brand",
        "conform to",
        "defect",
        "distinctive",
        "distinguish",
        "double",
        "enhance",
        "effective",
        "efficient",
        "ensure",
        "garment",
        "inspect",
        "perceptive",
        "repel",
        "take back",
        "throw out",
        "uniformly",
        "wrinkle"
      ]
    },
    {
      "name": "Thuê & cho thuê (Renting and leasing)",
      "words": [
        "apprehensive",
        "condition",
        "circumstance",
        "due to",
        "entitlement",
        "expansion",
        "expensive",
        "extension",
        "fluctuate",
        "finance",
        "flexible",
        "get out of",
        "indicator",
        "lease",
        "lock into",
        "occupy",
        "tenant",
        "subject to"
      ]
    },
    {
      "name": "Chọn nhà hàng (Selecting a restaurant)",
      "words": [
        "arrive",
        "appeal",
        "compromise",
        "daring",
        "familiar with",
        "guide",
        "grill",
        "keen",
        "leisure",
        "luggage",
        "luxurious",
        "mix",
        "majority",
        "narrow",
        "rely on",
        "suggestion",
        "subjective",
        "secure"
      ]
    },
    {
      "name": "Đi ăn ngoài (Eating out)",
      "words": [
        "appetite",
        "complete",
        "excite",
        "flavor",
        "foreign",
        "ingredient",
        "judge",
        "mix-up",
        "outlook",
        "outstanding",
        "parking",
        "plant",
        "pleasant",
        "private",
        "predict",
        "patron",
        "remind",
        "randomly"
      ]
    },
    {
      "name": "Đặt bữa trưa (Ordering lunch)",
      "words": [
        "burden",
        "commonly",
        "delivery",
        "elegance",
        "fall to",
        "individual",
        "impress",
        "multiple",
        "process",
        "profile",
        "promptly",
        "pick up",
        "raw",
        "receipt",
        "receive",
        "reasonable",
        "recipe",
        "settle"
      ]
    },
    {
      "name": "Sự nghiệp nấu ăn (Cooking as a career)",
      "words": [
        "apprentice",
        "accustom to",
        "culinary",
        "demanding",
        "draw",
        "influx",
        "incorporate",
        "methodical",
        "method",
        "outlet",
        "procedure",
        "profession",
        "refrigerator",
        "regional",
        "repetitive",
        "represent",
        "relinquish",
        "sample",
        "theme"
      ]
    },
    {
      "name": "Sự kiện (Events)",
      "words": [
        "assist",
        "coordinate",
        "dimension",
        "exact",
        "general",
        "ideal",
        "lead time",
        "proximity",
        "regulation",
        "search",
        "schedule",
        "support",
        "stage",
        "site",
        "transit",
        "trial",
        "upcoming",
        "update",
        "vacancy"
      ]
    },
    {
      "name": "Du lịch (General travel)",
      "words": [
        "agency",
        "announce",
        "board",
        "beverage",
        "claim",
        "depart",
        "delay",
        "embark",
        "itinerary",
        "luggage",
        "prohibit",
        "validate",
        "vacation",
        "venue",
        "wealth",
        "walkway",
        "yearly"
      ]
    },
    {
      "name": "Hàng không (Airlines)",
      "words": [
        "economy class",
        "extend",
        "expense",
        "excursion",
        "equivalent",
        "economize",
        "distinguish",
        "destination",
        "deal with",
        "prospective",
        "substance",
        "situation",
        "track",
        "traffic",
        "transformation",
        "warning",
        "warranty",
        "zone"
      ]
    },
    {
      "name": "Xe lửa (Trains)",
      "words": [
        "comprehensive",
        "duration",
        "directory",
        "deluxe",
        "entitle",
        "fare",
        "operate",
        "offset",
        "punctual",
        "remote",
        "remainder",
        "relatively",
        "switchboard",
        "systematic",
        "tradition",
        "tourist",
        "tidy",
        "temporary"
      ]
    },
    {
      "name": "Khách sạn (Hotels)",
      "words": [
        "advance",
        "check in",
        "chain",
        "confirm",
        "expect",
        "housekeeper",
        "notify",
        "preclude",
        "quote",
        "reserve",
        "rate",
        "serve",
        "service",
        "starter",
        "surrounding",
        "supporter",
        "supervise",
        "subscription"
      ]
    },
    {
      "name": "Thuê ô tô (Car rentals)",
      "words": [
        "contact",
        "confusion",
        "coincide",
        "disappoint",
        "guarantee",
        "haggle",
        "intend",
        "inclusion",
        "insurance",
        "joint",
        "license",
        "label",
        "lean",
        "nervous",
        "request",
        "tier",
        "thrill",
        "tempt"
      ]
    },
    {
      "name": "Phim ảnh (Movies)",
      "words": [
        "abroad",
        "attain",
        "accessible",
        "agreeable",
        "alternative",
        "continue",
        "combine",
        "disperse",
        "description",
        "disappointing",
        "display",
        "entertain",
        "influence",
        "range",
        "represent",
        "release",
        "successive",
        "separate"
      ]
    },
    {
      "name": "Rạp phim (Theater)",
      "words": [
        "audience",
        "approach",
        "acting",
        "create",
        "dialogue",
        "draw",
        "duration",
        "experience",
        "element",
        "enroll",
        "enthusiastic",
        "famed",
        "feature",
        "occur",
        "perform",
        "review",
        "rehearse",
        "sell out"
      ]
    },
    {
      "name": "Âm nhạc (Music)",
      "words": [
        "available",
        "broaden",
        "categorize",
        "divide",
        "disparate",
        "feedback",
        "favor",
        "instinct",
        "imply",
        "impression",
        "improper",
        "inclined",
        "live",
        "lay",
        "relaxation",
        "reason",
        "taste",
        "urge"
      ]
    },
    {
      "name": "Bảo tàng (Museums)",
      "words": [
        "admire",
        "acquire",
        "criticism",
        "collection",
        "express",
        "fashion",
        "leisure",
        "licensing",
        "locate",
        "lobby",
        "merge",
        "monument",
        "moral",
        "respond",
        "schedule",
        "spectrum",
        "specialize in",
        "significant"
      ]
    },
    {
      "name": "Truyền thông (Media)",
      "words": [
        "assignment",
        "choosy",
        "constitute",
        "disseminate",
        "decisive",
        "investigate",
        "in-depth",
        "impact",
        "link",
        "notice",
        "objective",
        "operate",
        "organization",
        "overview",
        "politician",
        "patent",
        "subscribe to",
        "thorough"
      ]
    },
    {
      "name": "Phòng khám nha khoa (Dentist’s office)",
      "words": [
        "aware",
        "catch up",
        "distract",
        "evident",
        "encourage",
        "habit",
        "overview",
        "irritate",
        "illuminate",
        "practical",
        "position",
        "platform",
        "patience",
        "position",
        "predictable",
        "probably",
        "restore",
        "regular"
      ]
    },
    {
      "name": "Phòng khám bác sĩ (Doctor’s office)",
      "words": [
        "assess",
        "appoint",
        "annual",
        "diagnose",
        "effective",
        "instrument",
        "manage",
        "promptly",
        "process",
        "profile",
        "prohibit",
        "profitability",
        "protect",
        "prevent",
        "realize",
        "record",
        "recommend",
        "serious"
      ]
    },
    {
      "name": "Bảo hiểm sức khỏe (Health insurance)",
      "words": [
        "aspect",
        "alternative",
        "concern",
        "emphasize",
        "incur",
        "portion",
        "policy",
        "personnel",
        "reimburse",
        "regardless",
        "reception",
        "recognize",
        "refundable",
        "refusal",
        "regarding",
        "regularly",
        "suit",
        "treat"
      ]
    },
    {
      "name": "Bệnh viện (Hospitals)",
      "words": [
        "authorize",
        "admit",
        "accompany",
        "designate",
        "identify",
        "procedure",
        "pertinent",
        "permission",
        "result",
        "relaxation",
        "remain",
        "rescue",
        "reservation",
        "responsibility",
        "save",
        "salvage",
        "surgery",
        "statement",
        "vaccination"
      ]
    },
    {
      "name": "Hiệu thuốc (Pharmacy)",
      "words": [
        "authorize",
        "admit",
        "accompany",
        "designate",
        "escort",
        "identify",
        "procedure",
        "pertinent",
        "permission",
        "result",
        "statement",
        "vendor",
        "venture",
        "venue",
        "virus",
        "vital",
        "wholesale"
      ]
    },
    {
      "name": "Thiết bị (Equipment)",
      "words": [
        "convenient",
        "consultation",
        "detect",
        "factor",
        "interaction",
        "limit",
        "monitor",
        "potential",
        "sense",
        "sample",
        "upgrade",
        "variety",
        "volunteer",
        "warehouse",
        "waterproof",
        "worthless",
        "yield"
      ]
    },
    {
      "name": "Cảm xúc (Emotion)",
      "words": [
        "delighted",
        "downturn",
        "endure",
        "intently",
        "jealous",
        "keen",
        "onward",
        "optimistic",
        "pleasant",
        "pointless",
        "polite",
        "regardless",
        "regret",
        "satisfied",
        "terrible",
        "terrific",
        "trust",
        "upset"
      ]
    },
    {
      "name": "Nghề nghiệp (Career)",
      "words": [
        "administration",
        "agricultural",
        "airline",
        "apply",
        "apprentice",
        "audit",
        "bank",
        "boardroom",
        "broadcast",
        "cabin crew",
        "candidate",
        "cashier",
        "consultant",
        "chef",
        "courier",
        "developer",
        "employer",
        "engineer"
      ]
    },
    {
      "name": "Văn học (Literature)",
      "words": [
        "admire",
        "background",
        "beautiful",
        "behave",
        "bored",
        "bottom line",
        "capital",
        "compliment",
        "critical",
        "document",
        "enlighten",
        "exhibit",
        "perform",
        "popularity",
        "potential"
      ]
    },
    {
      "name": "Trường học (School)",
      "words": [
        "accommodation",
        "aisle",
        "assignment",
        "briefcase",
        "bulletin",
        "cafeteria",
        "drawer",
        "furniture",
        "lobby",
        "major",
        "monitor",
        "moral",
        "outline",
        "platform",
        "range",
        "reschedule"
      ]
    },
    {
      "name": "Chính trị (Politics)",
      "words": [
        "act",
        "agenda",
        "aid",
        "ambitious",
        "authority",
        "campaign",
        "candidacy",
        "charity",
        "designate",
        "donate",
        "force",
        "meeting",
        "official",
        "personnel",
        "policy",
        "politician",
        "politics",
        "poll"
      ]
    },
    {
      "name": "Giao thông (Traffic)",
      "words": [
        "accident",
        "alarm",
        "allow",
        "assistance",
        "circumstances",
        "commute",
        "commuter",
        "crash",
        "emergency",
        "jeopardy",
        "justice",
        "lean",
        "limousine",
        "narrow",
        "recent",
        "regional",
        "shuttle",
        "traffic"
      ]
    }
  ]
}
