{
  "name": "Essential English Words 2",
  "words": [
    {
      "word": "anxious",
      "image": "anxious.webp"
    },
    {
      "word": "awful",
      "image": "awful.webp"
    },
    {
      "word": "consist",
      "image": "consist.webp"
    },
    {
      "word": "desire",
      "image": "desire.webp"
    },
    {
      "word": "eager",
      "image": "eager.webp"
    },
    {
      "word": "household",
      "image": "household.webp"
    },
    {
      "word": "intent",
      "image": "intent.webp"
    },
    {
      "word": "landscape",
      "image": "landscape.webp"
    },
    {
      "word": "lift",
      "image": "lift.webp"
    },
    {
      "word": "load",
      "image": "load.webp"
    },
    {
      "word": "lung",
      "image": "lung.webp"
    },
    {
      "word": "motion",
      "image": "motion.webp"
    },
    {
      "word": "pace",
      "image": "pace.webp"
    },
    {
      "word": "polite",
      "image": "polite.webp"
    },
    {
      "word": "possess",
      "image": "possess.webp"
    },
    {
      "word": "rapidly",
      "image": "rapidly.webp"
    },
    {
      "word": "remark",
      "image": "remark.webp"
    },
    {
      "word": "seek",
      "image": "seek.webp"
    },
    {
      "word": "shine",
      "image": "shine.webp"
    },
    {
      "word": "spill",
      "image": "spill.webp"
    },
    {
      "word": "bring",
      "image": "bring.webp"
    },
    {
      "word": "castle",
      "image": "castle.webp"
    },
    {
      "word": "command",
      "image": "command.webp"
    },
    {
      "word": "counsel",
      "image": "counsel.webp"
    },
    {
      "word": "ensure",
      "image": "ensure.webp"
    },
    {
      "word": "explosion",
      "image": "explosion.webp"
    },
    {
      "word": "jewelry",
      "image": "jewelry.webp"
    },
    {
      "word": "land",
      "image": "land.webp"
    },
    {
      "word": "meteor",
      "image": "meteor.webp"
    },
    {
      "word": "monster",
      "image": "monster.webp"
    },
    {
      "word": "northern",
      "image": "northern.webp"
    },
    {
      "word": "remote",
      "image": "remote.webp"
    },
    {
      "word": "southern",
      "image": "southern.webp"
    },
    {
      "word": "statue",
      "image": "statue.webp"
    },
    {
      "word": "steam",
      "image": "steam.webp"
    },
    {
      "word": "submit",
      "image": "submit.webp"
    },
    {
      "word": "temple",
      "image": "temple.webp"
    },
    {
      "word": "upper",
      "image": "upper.webp"
    },
    {
      "word": "weed",
      "image": "weed.webp"
    },
    {
      "word": "wing",
      "image": "wing.webp"
    },
    {
      "word": "arrow",
      "image": "arrow.webp"
    },
    {
      "word": "battle",
      "image": "battle.webp"
    },
    {
      "word": "bow",
      "image": "bow.webp"
    },
    {
      "word": "brave",
      "image": "brave.webp"
    },
    {
      "word": "chief",
      "image": "chief.webp"
    },
    {
      "word": "disadvantage",
      "image": "disadvantage.webp"
    },
    {
      "word": "enemy",
      "image": "enemy.webp"
    },
    {
      "word": "entrance",
      "image": "entrance.webp"
    },
    {
      "word": "hardly",
      "image": "hardly.webp"
    },
    {
      "word": "intend",
      "image": "intend.webp"
    },
    {
      "word": "laughter",
      "image": "laughter.webp"
    },
    {
      "word": "log",
      "image": "log.webp"
    },
    {
      "word": "military",
      "image": "military.webp"
    },
    {
      "word": "obey",
      "image": "obey.webp"
    },
    {
      "word": "secure",
      "image": "secure.webp"
    },
    {
      "word": "steady",
      "image": "steady.webp"
    },
    {
      "word": "trust",
      "image": "trust.webp"
    },
    {
      "word": "twist",
      "image": "twist.webp"
    },
    {
      "word": "unless",
      "image": "unless.webp"
    },
    {
      "word": "weapon",
      "image": "weapon.webp"
    },
    {
      "word": "chest",
      "image": "chest.webp"
    },
    {
      "word": "confidence",
      "image": "confidence.webp"
    },
    {
      "word": "consequence",
      "image": "consequence.webp"
    },
    {
      "word": "disaster",
      "image": "disaster.webp"
    },
    {
      "word": "disturb",
      "image": "disturb.webp"
    },
    {
      "word": "estimate",
      "image": "estimate.webp"
    },
    {
      "word": "honor",
      "image": "honor.webp"
    },
    {
      "word": "impress",
      "image": "impress.webp"
    },
    {
      "word": "marathon",
      "image": "marathon.webp"
    },
    {
      "word": "narrow",
      "image": "narrow.webp"
    },
    {
      "word": "pale",
      "image": "pale.webp"
    },
    {
      "word": "rough",
      "image": "rough.webp"
    },
    {
      "word": "satisfy",
      "image": "satisfy.webp"
    },
    {
      "word": "scream",
      "image": "scream.webp"
    },
    {
      "word": "sensitive",
      "image": "sensitive.webp"
    },
    {
      "word": "shade",
      "image": "shade.webp"
    },
    {
      "word": "supplement",
      "image": "supplement.webp"
    },
    {
      "word": "terror",
      "image": "terror.webp"
    },
    {
      "word": "threat",
      "image": "threat.webp"
    },
    {
      "word": "victim",
      "image": "victim.webp"
    },
    {
      "word": "ancestor",
      "image": "ancestor.webp"
    },
    {
      "word": "angle",
      "image": "angle.webp"
    },
    {
      "word": "boot",
      "image": "boot.webp"
    },
    {
      "word": "border",
      "image": "border.webp"
    },
    {
      "word": "congratulate",
      "image": "congratulate.webp"
    },
    {
      "word": "frame",
      "image": "frame.webp"
    },
    {
      "word": "heaven",
      "image": "heaven.webp"
    },
    {
      "word": "incredible",
      "image": "incredible.webp"
    },
    {
      "word": "legend",
      "image": "legend.webp"
    },
    {
      "word": "praise",
      "image": "praise.webp"
    },
    {
      "word": "proceed",
      "image": "proceed.webp"
    },
    {
      "word": "pure",
      "image": "pure.webp"
    },
    {
      "word": "relative",
      "image": "relative.webp"
    },
    {
      "word": "senior",
      "image": "senior.webp"
    },
    {
      "word": "silent",
      "image": "silent.webp"
    },
    {
      "word": "sink; sank",
      "image": "sink; sank.webp"
    },
    {
      "word": "superior",
      "image": "superior.webp"
    },
    {
      "word": "surround",
      "image": "surround.webp"
    },
    {
      "word": "thick",
      "image": "thick.webp"
    },
    {
      "word": "wrap",
      "image": "wrap.webp"
    },
    {
      "word": "abroad",
      "image": "abroad.webp"
    },
    {
      "word": "anger",
      "image": "anger.webp"
    },
    {
      "word": "bride",
      "image": "bride.webp"
    },
    {
      "word": "brief",
      "image": "brief.webp"
    },
    {
      "word": "chase",
      "image": "chase.webp"
    },
    {
      "word": "disappoint",
      "image": "disappoint.webp"
    },
    {
      "word": "dive",
      "image": "dive.webp"
    },
    {
      "word": "exchange",
      "image": "exchange.webp"
    },
    {
      "word": "favor",
      "image": "favor.webp"
    },
    {
      "word": "fee",
      "image": "fee.webp"
    },
    {
      "word": "forever",
      "image": "forever.webp"
    },
    {
      "word": "guy",
      "image": "guy.webp"
    },
    {
      "word": "lovely",
      "image": "lovely.webp"
    },
    {
      "word": "mood",
      "image": "mood.webp"
    },
    {
      "word": "palace",
      "image": "palace.webp"
    },
    {
      "word": "permit",
      "image": "permit.webp"
    },
    {
      "word": "protest",
      "image": "protest.webp"
    },
    {
      "word": "sculpture",
      "image": "sculpture.webp"
    },
    {
      "word": "tribe",
      "image": "tribe.webp"
    },
    {
      "word": "youth",
      "image": "youth.webp"
    },
    {
      "word": "basis",
      "image": "basis.webp"
    },
    {
      "word": "biology",
      "image": "biology.webp"
    },
    {
      "word": "cage",
      "image": "cage.webp"
    },
    {
      "word": "colleague",
      "image": "colleague.webp"
    },
    {
      "word": "colony",
      "image": "colony.webp"
    },
    {
      "word": "debate",
      "image": "debate.webp"
    },
    {
      "word": "depart",
      "image": "depart.webp"
    },
    {
      "word": "depress",
      "image": "depress.webp"
    },
    {
      "word": "factual",
      "image": "factual.webp"
    },
    {
      "word": "fascinate",
      "image": "fascinate.webp"
    },
    {
      "word": "mission",
      "image": "mission.webp"
    },
    {
      "word": "nevertheless",
      "image": "nevertheless.webp"
    },
    {
      "word": "occupation",
      "image": "occupation.webp"
    },
    {
      "word": "overseas",
      "image": "overseas.webp"
    },
    {
      "word": "persuade",
      "image": "persuade.webp"
    },
    {
      "word": "route",
      "image": "route.webp"
    },
    {
      "word": "ruins",
      "image": "ruins.webp"
    },
    {
      "word": "scholar",
      "image": "scholar.webp"
    },
    {
      "word": "significant",
      "image": "significant.webp"
    },
    {
      "word": "volcano",
      "image": "volcano.webp"
    },
    {
      "word": "broad",
      "image": "broad.webp"
    },
    {
      "word": "bush",
      "image": "bush.webp"
    },
    {
      "word": "capable",
      "image": "capable.webp"
    },
    {
      "word": "cheat",
      "image": "cheat.webp"
    },
    {
      "word": "concentrate",
      "image": "concentrate.webp"
    },
    {
      "word": "conclude",
      "image": "conclude.webp"
    },
    {
      "word": "confident",
      "image": "confident.webp"
    },
    {
      "word": "considerable",
      "image": "considerable.webp"
    },
    {
      "word": "convey",
      "image": "convey.webp"
    },
    {
      "word": "definite",
      "image": "definite.webp"
    },
    {
      "word": "delight",
      "image": "delight.webp"
    },
    {
      "word": "destination",
      "image": "destination.webp"
    },
    {
      "word": "dictate",
      "image": "dictate.webp"
    },
    {
      "word": "edge",
      "image": "edge.webp"
    },
    {
      "word": "path",
      "image": "path.webp"
    },
    {
      "word": "resort",
      "image": "resort.webp"
    },
    {
      "word": "shadow",
      "image": "shadow.webp"
    },
    {
      "word": "succeed",
      "image": "succeed.webp"
    },
    {
      "word": "suspect",
      "image": "suspect.webp"
    },
    {
      "word": "valley",
      "image": "valley.webp"
    },
    {
      "word": "admire",
      "image": "admire.webp"
    },
    {
      "word": "aid",
      "image": "aid.webp"
    },
    {
      "word": "attempt",
      "image": "attempt.webp"
    },
    {
      "word": "authority",
      "image": "authority.webp"
    },
    {
      "word": "capital",
      "image": "capital.webp"
    },
    {
      "word": "cooperate",
      "image": "cooperate.webp"
    },
    {
      "word": "defend",
      "image": "defend.webp"
    },
    {
      "word": "destruction",
      "image": "destruction.webp"
    },
    {
      "word": "disorder",
      "image": "disorder.webp"
    },
    {
      "word": "division",
      "image": "division.webp"
    },
    {
      "word": "enable",
      "image": "enable.webp"
    },
    {
      "word": "frustrate",
      "image": "frustrate.webp"
    },
    {
      "word": "govern",
      "image": "govern.webp"
    },
    {
      "word": "plenty",
      "image": "plenty.webp"
    },
    {
      "word": "relieve",
      "image": "relieve.webp"
    },
    {
      "word": "reputation",
      "image": "reputation.webp"
    },
    {
      "word": "royal",
      "image": "royal.webp"
    },
    {
      "word": "slave",
      "image": "slave.webp"
    },
    {
      "word": "struggle",
      "image": "struggle.webp"
    },
    {
      "word": "stupid",
      "image": "stupid.webp"
    },
    {
      "word": "citizen",
      "image": "citizen.webp"
    },
    {
      "word": "council",
      "image": "council.webp"
    },
    {
      "word": "declare",
      "image": "declare.webp"
    },
    {
      "word": "enormous",
      "image": "enormous.webp"
    },
    {
      "word": "extraordinary",
      "image": "extraordinary.webp"
    },
    {
      "word": "fog",
      "image": "fog.webp"
    },
    {
      "word": "funeral",
      "image": "funeral.webp"
    },
    {
      "word": "giant",
      "image": "giant.webp"
    },
    {
      "word": "impression",
      "image": "impression.webp"
    },
    {
      "word": "income",
      "image": "income.webp"
    },
    {
      "word": "mad",
      "image": "mad.webp"
    },
    {
      "word": "ought",
      "image": "ought.webp"
    },
    {
      "word": "resist",
      "image": "resist.webp"
    },
    {
      "word": "reveal",
      "image": "reveal.webp"
    },
    {
      "word": "rid",
      "image": "rid.webp"
    },
    {
      "word": "sword",
      "image": "sword.webp"
    },
    {
      "word": "tale",
      "image": "tale.webp"
    },
    {
      "word": "trap",
      "image": "trap.webp"
    },
    {
      "word": "trial",
      "image": "trial.webp"
    },
    {
      "word": "violent",
      "image": "violent.webp"
    },
    {
      "word": "admission",
      "image": "admission.webp"
    },
    {
      "word": "astronomy",
      "image": "astronomy.webp"
    },
    {
      "word": "blame",
      "image": "blame.webp"
    },
    {
      "word": "chemistry",
      "image": "chemistry.webp"
    },
    {
      "word": "despite",
      "image": "despite.webp"
    },
    {
      "word": "dinosaur",
      "image": "dinosaur.webp"
    },
    {
      "word": "exhibit",
      "image": "exhibit.webp"
    },
    {
      "word": "fame",
      "image": "fame.webp"
    },
    {
      "word": "forecast",
      "image": "forecast.webp"
    },
    {
      "word": "genius",
      "image": "genius.webp"
    },
    {
      "word": "gentle",
      "image": "gentle.webp"
    },
    {
      "word": "geography",
      "image": "geography.webp"
    },
    {
      "word": "interfere",
      "image": "interfere.webp"
    },
    {
      "word": "lightly",
      "image": "lightly.webp"
    },
    {
      "word": "principal",
      "image": "principal.webp"
    },
    {
      "word": "row",
      "image": "row.webp"
    },
    {
      "word": "shelf",
      "image": "shelf.webp"
    },
    {
      "word": "spite",
      "image": "spite.webp"
    },
    {
      "word": "super",
      "image": "super.webp"
    },
    {
      "word": "wet",
      "image": "wet.webp"
    },
    {
      "word": "abuse",
      "image": "abuse.webp"
    },
    {
      "word": "afford",
      "image": "afford.webp"
    },
    {
      "word": "bake",
      "image": "bake.webp"
    },
    {
      "word": "bean",
      "image": "bean.webp"
    },
    {
      "word": "candle",
      "image": "candle.webp"
    },
    {
      "word": "convert",
      "image": "convert.webp"
    },
    {
      "word": "debt",
      "image": "debt.webp"
    },
    {
      "word": "decrease",
      "image": "decrease.webp"
    },
    {
      "word": "fault",
      "image": "fault.webp"
    },
    {
      "word": "fund",
      "image": "fund.webp"
    },
    {
      "word": "generous",
      "image": "generous.webp"
    },
    {
      "word": "ingredient",
      "image": "ingredient.webp"
    },
    {
      "word": "insist",
      "image": "insist.webp"
    },
    {
      "word": "mess",
      "image": "mess.webp"
    },
    {
      "word": "metal",
      "image": "metal.webp"
    },
    {
      "word": "monitor",
      "image": "monitor.webp"
    },
    {
      "word": "oppose",
      "image": "oppose.webp"
    },
    {
      "word": "passive",
      "image": "passive.webp"
    },
    {
      "word": "quantity",
      "image": "quantity.webp"
    },
    {
      "word": "sue",
      "image": "sue.webp"
    },
    {
      "word": "anxiety",
      "image": "anxiety.webp"
    },
    {
      "word": "army",
      "image": "army.webp"
    },
    {
      "word": "billion",
      "image": "billion.webp"
    },
    {
      "word": "carve",
      "image": "carve.webp"
    },
    {
      "word": "consult",
      "image": "consult.webp"
    },
    {
      "word": "emergency",
      "image": "emergency.webp"
    },
    {
      "word": "fortune",
      "image": "fortune.webp"
    },
    {
      "word": "guarantee",
      "image": "guarantee.webp"
    },
    {
      "word": "hike",
      "image": "hike.webp"
    },
    {
      "word": "initial",
      "image": "initial.webp"
    },
    {
      "word": "intense",
      "image": "intense.webp"
    },
    {
      "word": "lend",
      "image": "lend.webp"
    },
    {
      "word": "peak",
      "image": "peak.webp"
    },
    {
      "word": "potential",
      "image": "potential.webp"
    },
    {
      "word": "pride",
      "image": "pride.webp"
    },
    {
      "word": "proof",
      "image": "proof.webp"
    },
    {
      "word": "quit",
      "image": "quit.webp"
    },
    {
      "word": "spin",
      "image": "spin.webp"
    },
    {
      "word": "tiny",
      "image": "tiny.webp"
    },
    {
      "word": "tutor",
      "image": "tutor.webp"
    },
    {
      "word": "apparent",
      "image": "apparent.webp"
    },
    {
      "word": "blind",
      "image": "blind.webp"
    },
    {
      "word": "calculate",
      "image": "calculate.webp"
    },
    {
      "word": "chat",
      "image": "chat.webp"
    },
    {
      "word": "commit",
      "image": "commit.webp"
    },
    {
      "word": "compose",
      "image": "compose.webp"
    },
    {
      "word": "dormitory",
      "image": "dormitory.webp"
    },
    {
      "word": "exhaust",
      "image": "exhaust.webp"
    },
    {
      "word": "greenhouse",
      "image": "greenhouse.webp"
    },
    {
      "word": "ignore",
      "image": "ignore.webp"
    },
    {
      "word": "obvious",
      "image": "obvious.webp"
    },
    {
      "word": "physics",
      "image": "physics.webp"
    },
    {
      "word": "portion",
      "image": "portion.webp"
    },
    {
      "word": "remind",
      "image": "remind.webp"
    },
    {
      "word": "secretary",
      "image": "secretary.webp"
    },
    {
      "word": "severe",
      "image": "severe.webp"
    },
    {
      "word": "talent",
      "image": "talent.webp"
    },
    {
      "word": "thesis",
      "image": "thesis.webp"
    },
    {
      "word": "uniform",
      "image": "uniform.webp"
    },
    {
      "word": "vision",
      "image": "vision.webp"
    },
    {
      "word": "absorb",
      "image": "absorb.webp"
    },
    {
      "word": "boss",
      "image": "boss.webp"
    },
    {
      "word": "committee",
      "image": "committee.webp"
    },
    {
      "word": "contract",
      "image": "contract.webp"
    },
    {
      "word": "crew",
      "image": "crew.webp"
    },
    {
      "word": "devote",
      "image": "devote.webp"
    },
    {
      "word": "dig",
      "image": "dig.webp"
    },
    {
      "word": "dine",
      "image": "dine.webp"
    },
    {
      "word": "donate",
      "image": "donate.webp"
    },
    {
      "word": "double",
      "image": "double.webp"
    },
    {
      "word": "elevate",
      "image": "elevate.webp"
    },
    {
      "word": "flavor",
      "image": "flavor.webp"
    },
    {
      "word": "foundation",
      "image": "foundation.webp"
    },
    {
      "word": "generation",
      "image": "generation.webp"
    },
    {
      "word": "handle",
      "image": "handle.webp"
    },
    {
      "word": "layer",
      "image": "layer.webp"
    },
    {
      "word": "mud",
      "image": "mud.webp"
    },
    {
      "word": "smooth",
      "image": "smooth.webp"
    },
    {
      "word": "soil",
      "image": "soil.webp"
    },
    {
      "word": "unique",
      "image": "unique.webp"
    },
    {
      "word": "chamber",
      "image": "chamber.webp"
    },
    {
      "word": "deny",
      "image": "deny.webp"
    },
    {
      "word": "document",
      "image": "document.webp"
    },
    {
      "word": "emphasize",
      "image": "emphasize.webp"
    },
    {
      "word": "fever",
      "image": "fever.webp"
    },
    {
      "word": "flu",
      "image": "flu.webp"
    },
    {
      "word": "freeze",
      "image": "freeze.webp"
    },
    {
      "word": "gesture",
      "image": "gesture.webp"
    },
    {
      "word": "interrupt",
      "image": "interrupt.webp"
    },
    {
      "word": "last",
      "image": "last.webp"
    },
    {
      "word": "likeness",
      "image": "likeness.webp"
    },
    {
      "word": "moreover",
      "image": "moreover.webp"
    },
    {
      "word": "perspective",
      "image": "perspective.webp"
    },
    {
      "word": "rational",
      "image": "rational.webp"
    },
    {
      "word": "recover",
      "image": "recover.webp"
    },
    {
      "word": "rely; relied",
      "image": "rely; relied.webp"
    },
    {
      "word": "shock",
      "image": "shock.webp"
    },
    {
      "word": "shy",
      "image": "shy.webp"
    },
    {
      "word": "stare",
      "image": "stare.webp"
    },
    {
      "word": "thus",
      "image": "thus.webp"
    },
    {
      "word": "aim",
      "image": "aim.webp"
    },
    {
      "word": "attach",
      "image": "attach.webp"
    },
    {
      "word": "bet",
      "image": "bet.webp"
    },
    {
      "word": "carriage",
      "image": "carriage.webp"
    },
    {
      "word": "classic",
      "image": "classic.webp"
    },
    {
      "word": "commute",
      "image": "commute.webp"
    },
    {
      "word": "confirm",
      "image": "confirm.webp"
    },
    {
      "word": "criticize",
      "image": "criticize.webp"
    },
    {
      "word": "differ",
      "image": "differ.webp"
    },
    {
      "word": "expense",
      "image": "expense.webp"
    },
    {
      "word": "formal",
      "image": "formal.webp"
    },
    {
      "word": "height",
      "image": "height.webp"
    },
    {
      "word": "invent",
      "image": "invent.webp"
    },
    {
      "word": "junior",
      "image": "junior.webp"
    },
    {
      "word": "labor",
      "image": "labor.webp"
    },
    {
      "word": "mechanic",
      "image": "mechanic.webp"
    },
    {
      "word": "prime",
      "image": "prime.webp"
    },
    {
      "word": "shift",
      "image": "shift.webp"
    },
    {
      "word": "signal",
      "image": "signal.webp"
    },
    {
      "word": "sincere",
      "image": "sincere.webp"
    },
    {
      "word": "ability",
      "image": "ability.webp"
    },
    {
      "word": "agriculture",
      "image": "agriculture.webp"
    },
    {
      "word": "cartoon",
      "image": "cartoon.webp"
    },
    {
      "word": "ceiling",
      "image": "ceiling.webp"
    },
    {
      "word": "convince",
      "image": "convince.webp"
    },
    {
      "word": "curious",
      "image": "curious.webp"
    },
    {
      "word": "delay",
      "image": "delay.webp"
    },
    {
      "word": "diary",
      "image": "diary.webp"
    },
    {
      "word": "element",
      "image": "element.webp"
    },
    {
      "word": "faith",
      "image": "faith.webp"
    },
    {
      "word": "grain",
      "image": "grain.webp"
    },
    {
      "word": "greet",
      "image": "greet.webp"
    },
    {
      "word": "investigate",
      "image": "investigate.webp"
    },
    {
      "word": "joy",
      "image": "joy.webp"
    },
    {
      "word": "label",
      "image": "label.webp"
    },
    {
      "word": "monk",
      "image": "monk.webp"
    },
    {
      "word": "odd",
      "image": "odd.webp"
    },
    {
      "word": "pause",
      "image": "pause.webp"
    },
    {
      "word": "priest",
      "image": "priest.webp"
    },
    {
      "word": "profession",
      "image": "profession.webp"
    },
    {
      "word": "adopt",
      "image": "adopt.webp"
    },
    {
      "word": "beg",
      "image": "beg.webp"
    },
    {
      "word": "beyond",
      "image": "beyond.webp"
    },
    {
      "word": "costume",
      "image": "costume.webp"
    },
    {
      "word": "exclaim",
      "image": "exclaim.webp"
    },
    {
      "word": "extend",
      "image": "extend.webp"
    },
    {
      "word": "fool",
      "image": "fool.webp"
    },
    {
      "word": "forbid",
      "image": "forbid.webp"
    },
    {
      "word": "illustrate",
      "image": "illustrate.webp"
    },
    {
      "word": "indeed",
      "image": "indeed.webp"
    },
    {
      "word": "interpret",
      "image": "interpret.webp"
    },
    {
      "word": "kindly",
      "image": "kindly.webp"
    },
    {
      "word": "motive",
      "image": "motive.webp"
    },
    {
      "word": "nest",
      "image": "nest.webp"
    },
    {
      "word": "origin",
      "image": "origin.webp"
    },
    {
      "word": "reception",
      "image": "reception.webp"
    },
    {
      "word": "reject",
      "image": "reject.webp"
    },
    {
      "word": "silence",
      "image": "silence.webp"
    },
    {
      "word": "stream",
      "image": "stream.webp"
    },
    {
      "word": "tone",
      "image": "tone.webp"
    },
    {
      "word": "accomplish",
      "image": "accomplish.webp"
    },
    {
      "word": "approve",
      "image": "approve.webp"
    },
    {
      "word": "approximate",
      "image": "approximate.webp"
    },
    {
      "word": "barrier",
      "image": "barrier.webp"
    },
    {
      "word": "detect",
      "image": "detect.webp"
    },
    {
      "word": "duty",
      "image": "duty.webp"
    },
    {
      "word": "elementary",
      "image": "elementary.webp"
    },
    {
      "word": "failure",
      "image": "failure.webp"
    },
    {
      "word": "gradual",
      "image": "gradual.webp"
    },
    {
      "word": "immigrant",
      "image": "immigrant.webp"
    },
    {
      "word": "insert",
      "image": "insert.webp"
    },
    {
      "word": "instant",
      "image": "instant.webp"
    },
    {
      "word": "poverty",
      "image": "poverty.webp"
    },
    {
      "word": "pretend",
      "image": "pretend.webp"
    },
    {
      "word": "rank",
      "image": "rank.webp"
    },
    {
      "word": "recognition",
      "image": "recognition.webp"
    },
    {
      "word": "refrigerate",
      "image": "refrigerate.webp"
    },
    {
      "word": "rent",
      "image": "rent.webp"
    },
    {
      "word": "retire",
      "image": "retire.webp"
    },
    {
      "word": "statistic",
      "image": "statistic.webp"
    },
    {
      "word": "astronaut",
      "image": "astronaut.webp"
    },
    {
      "word": "awake",
      "image": "awake.webp"
    },
    {
      "word": "courage",
      "image": "courage.webp"
    },
    {
      "word": "float",
      "image": "float.webp"
    },
    {
      "word": "grant",
      "image": "grant.webp"
    },
    {
      "word": "gravity",
      "image": "gravity.webp"
    },
    {
      "word": "jewel",
      "image": "jewel.webp"
    },
    {
      "word": "miner",
      "image": "miner.webp"
    },
    {
      "word": "mineral",
      "image": "mineral.webp"
    },
    {
      "word": "participate",
      "image": "participate.webp"
    },
    {
      "word": "permission",
      "image": "permission.webp"
    },
    {
      "word": "pour",
      "image": "pour.webp"
    },
    {
      "word": "presence",
      "image": "presence.webp"
    },
    {
      "word": "raw",
      "image": "raw.webp"
    },
    {
      "word": "satellite",
      "image": "satellite.webp"
    },
    {
      "word": "scale",
      "image": "scale.webp"
    },
    {
      "word": "skip",
      "image": "skip.webp"
    },
    {
      "word": "stretch",
      "image": "stretch.webp"
    },
    {
      "word": "telescope",
      "image": "telescope.webp"
    },
    {
      "word": "underground",
      "image": "underground.webp"
    },
    {
      "word": "alarm",
      "image": "alarm.webp"
    },
    {
      "word": "apart",
      "image": "apart.webp"
    },
    {
      "word": "arrest",
      "image": "arrest.webp"
    },
    {
      "word": "award",
      "image": "award.webp"
    },
    {
      "word": "breed",
      "image": "breed.webp"
    },
    {
      "word": "bucket",
      "image": "bucket.webp"
    },
    {
      "word": "contest",
      "image": "contest.webp"
    },
    {
      "word": "convict",
      "image": "convict.webp"
    },
    {
      "word": "garage",
      "image": "garage.webp"
    },
    {
      "word": "journalist",
      "image": "journalist.webp"
    },
    {
      "word": "pup",
      "image": "pup.webp"
    },
    {
      "word": "qualify",
      "image": "qualify.webp"
    },
    {
      "word": "repair",
      "image": "repair.webp"
    },
    {
      "word": "resume",
      "image": "resume.webp"
    },
    {
      "word": "rob",
      "image": "rob.webp"
    },
    {
      "word": "slip",
      "image": "slip.webp"
    },
    {
      "word": "somewhat",
      "image": "somewhat.webp"
    },
    {
      "word": "stable",
      "image": "stable.webp"
    },
    {
      "word": "tissue",
      "image": "tissue.webp"
    },
    {
      "word": "yard",
      "image": "yard.webp"
    },
    {
      "word": "alike",
      "image": "alike.webp"
    },
    {
      "word": "annoy",
      "image": "annoy.webp"
    },
    {
      "word": "architecture",
      "image": "architecture.webp"
    },
    {
      "word": "artificial",
      "image": "artificial.webp"
    },
    {
      "word": "chain",
      "image": "chain.webp"
    },
    {
      "word": "distinct",
      "image": "distinct.webp"
    },
    {
      "word": "distinguish",
      "image": "distinguish.webp"
    },
    {
      "word": "dust",
      "image": "dust.webp"
    },
    {
      "word": "excitement",
      "image": "excitement.webp"
    },
    {
      "word": "heal",
      "image": "heal.webp"
    },
    {
      "word": "inherit",
      "image": "inherit.webp"
    },
    {
      "word": "manner",
      "image": "manner.webp"
    },
    {
      "word": "mount",
      "image": "mount.webp"
    },
    {
      "word": "roof",
      "image": "roof.webp"
    },
    {
      "word": "shortage",
      "image": "shortage.webp"
    },
    {
      "word": "solid",
      "image": "solid.webp"
    },
    {
      "word": "stock",
      "image": "stock.webp"
    },
    {
      "word": "substance",
      "image": "substance.webp"
    },
    {
      "word": "tomb",
      "image": "tomb.webp"
    },
    {
      "word": "wound",
      "image": "wound.webp"
    },
    {
      "word": "bath",
      "image": "bath.webp"
    },
    {
      "word": "bend",
      "image": "bend.webp"
    },
    {
      "word": "chew",
      "image": "chew.webp"
    },
    {
      "word": "disabled",
      "image": "disabled.webp"
    },
    {
      "word": "fantastic",
      "image": "fantastic.webp"
    },
    {
      "word": "fiction",
      "image": "fiction.webp"
    },
    {
      "word": "flag",
      "image": "flag.webp"
    },
    {
      "word": "inspect",
      "image": "inspect.webp"
    },
    {
      "word": "journal",
      "image": "journal.webp"
    },
    {
      "word": "liquid",
      "image": "liquid.webp"
    },
    {
      "word": "marvel",
      "image": "marvel.webp"
    },
    {
      "word": "nutrient",
      "image": "nutrient.webp"
    },
    {
      "word": "overcome; overcame",
      "image": "overcome; overcame.webp"
    },
    {
      "word": "recall",
      "image": "recall.webp"
    },
    {
      "word": "regret",
      "image": "regret.webp"
    },
    {
      "word": "soul",
      "image": "soul.webp"
    },
    {
      "word": "sufficient",
      "image": "sufficient.webp"
    },
    {
      "word": "surgery",
      "image": "surgery.webp"
    },
    {
      "word": "tough",
      "image": "tough.webp"
    },
    {
      "word": "tube",
      "image": "tube.webp"
    },
    {
      "word": "admit",
      "image": "admit.webp"
    },
    {
      "word": "bin",
      "image": "bin.webp"
    },
    {
      "word": "bowl",
      "image": "bowl.webp"
    },
    {
      "word": "cabin",
      "image": "cabin.webp"
    },
    {
      "word": "cash",
      "image": "cash.webp"
    },
    {
      "word": "criminal",
      "image": "criminal.webp"
    },
    {
      "word": "dozen",
      "image": "dozen.webp"
    },
    {
      "word": "elder",
      "image": "elder.webp"
    },
    {
      "word": "facial",
      "image": "facial.webp"
    },
    {
      "word": "fence",
      "image": "fence.webp"
    },
    {
      "word": "inspire",
      "image": "inspire.webp"
    },
    {
      "word": "mere",
      "image": "mere.webp"
    },
    {
      "word": "neat",
      "image": "neat.webp"
    },
    {
      "word": "occasion",
      "image": "occasion.webp"
    },
    {
      "word": "penalty",
      "image": "penalty.webp"
    },
    {
      "word": "rude",
      "image": "rude.webp"
    },
    {
      "word": "settle",
      "image": "settle.webp"
    },
    {
      "word": "vehicle",
      "image": "vehicle.webp"
    },
    {
      "word": "wallet",
      "image": "wallet.webp"
    },
    {
      "word": "yell",
      "image": "yell.webp"
    },
    {
      "word": "accuse",
      "image": "accuse.webp"
    },
    {
      "word": "adjust",
      "image": "adjust.webp"
    },
    {
      "word": "amuse",
      "image": "amuse.webp"
    },
    {
      "word": "coral",
      "image": "coral.webp"
    },
    {
      "word": "cotton",
      "image": "cotton.webp"
    },
    {
      "word": "crash",
      "image": "crash.webp"
    },
    {
      "word": "deck",
      "image": "deck.webp"
    },
    {
      "word": "engage",
      "image": "engage.webp"
    },
    {
      "word": "firm",
      "image": "firm.webp"
    },
    {
      "word": "fuel",
      "image": "fuel.webp"
    },
    {
      "word": "grand",
      "image": "grand.webp"
    },
    {
      "word": "hurricane",
      "image": "hurricane.webp"
    },
    {
      "word": "loss",
      "image": "loss.webp"
    },
    {
      "word": "plain",
      "image": "plain.webp"
    },
    {
      "word": "reef",
      "image": "reef.webp"
    },
    {
      "word": "shut",
      "image": "shut.webp"
    },
    {
      "word": "strict",
      "image": "strict.webp"
    },
    {
      "word": "surf",
      "image": "surf.webp"
    },
    {
      "word": "task",
      "image": "task.webp"
    },
    {
      "word": "zone",
      "image": "zone.webp"
    },
    {
      "word": "apology",
      "image": "apology.webp"
    },
    {
      "word": "bold",
      "image": "bold.webp"
    },
    {
      "word": "capture",
      "image": "capture.webp"
    },
    {
      "word": "cardinal",
      "image": "cardinal.webp"
    },
    {
      "word": "duke",
      "image": "duke.webp"
    },
    {
      "word": "expose",
      "image": "expose.webp"
    },
    {
      "word": "guilty",
      "image": "guilty.webp"
    },
    {
      "word": "hire",
      "image": "hire.webp"
    },
    {
      "word": "innocent",
      "image": "innocent.webp"
    },
    {
      "word": "jail",
      "image": "jail.webp"
    },
    {
      "word": "minister",
      "image": "minister.webp"
    },
    {
      "word": "ordinary",
      "image": "ordinary.webp"
    },
    {
      "word": "permanent",
      "image": "permanent.webp"
    },
    {
      "word": "preserve",
      "image": "preserve.webp"
    },
    {
      "word": "pronounce; pronouncing",
      "image": "pronounce; pronouncing.webp"
    },
    {
      "word": "resemble",
      "image": "resemble.webp"
    },
    {
      "word": "symptom",
      "image": "symptom.webp"
    },
    {
      "word": "tobacco",
      "image": "tobacco.webp"
    },
    {
      "word": "twin",
      "image": "twin.webp"
    },
    {
      "word": "witch",
      "image": "witch.webp"
    },
    {
      "word": "accompany",
      "image": "accompany.webp"
    },
    {
      "word": "bare",
      "image": "bare.webp"
    },
    {
      "word": "branch",
      "image": "branch.webp"
    },
    {
      "word": "breath",
      "image": "breath.webp"
    },
    {
      "word": "bridge",
      "image": "bridge.webp"
    },
    {
      "word": "cast",
      "image": "cast.webp"
    },
    {
      "word": "dare",
      "image": "dare.webp"
    },
    {
      "word": "electronic",
      "image": "electronic.webp"
    },
    {
      "word": "inn",
      "image": "inn.webp"
    },
    {
      "word": "net",
      "image": "net.webp"
    },
    {
      "word": "philosophy",
      "image": "philosophy.webp"
    },
    {
      "word": "pot",
      "image": "pot.webp"
    },
    {
      "word": "seed",
      "image": "seed.webp"
    },
    {
      "word": "sharp",
      "image": "sharp.webp"
    },
    {
      "word": "sort",
      "image": "sort.webp"
    },
    {
      "word": "subtract",
      "image": "subtract.webp"
    },
    {
      "word": "tight",
      "image": "tight.webp"
    },
    {
      "word": "virtual",
      "image": "virtual.webp"
    },
    {
      "word": "weigh",
      "image": "weigh.webp"
    },
    {
      "word": "whisper",
      "image": "whisper.webp"
    },
    {
      "word": "abstract",
      "image": "abstract.webp"
    },
    {
      "word": "annual",
      "image": "annual.webp"
    },
    {
      "word": "clay",
      "image": "clay.webp"
    },
    {
      "word": "cloth",
      "image": "cloth.webp"
    },
    {
      "word": "curtain",
      "image": "curtain.webp"
    },
    {
      "word": "deserve",
      "image": "deserve.webp"
    },
    {
      "word": "feather",
      "image": "feather.webp"
    },
    {
      "word": "fertile",
      "image": "fertile.webp"
    },
    {
      "word": "flood",
      "image": "flood.webp"
    },
    {
      "word": "furniture",
      "image": "furniture.webp"
    },
    {
      "word": "grave",
      "image": "grave.webp"
    },
    {
      "word": "ideal",
      "image": "ideal.webp"
    },
    {
      "word": "intelligence",
      "image": "intelligence.webp"
    },
    {
      "word": "nowadays",
      "image": "nowadays.webp"
    },
    {
      "word": "obtain",
      "image": "obtain.webp"
    },
    {
      "word": "religious",
      "image": "religious.webp"
    },
    {
      "word": "romantic",
      "image": "romantic.webp"
    },
    {
      "word": "shell",
      "image": "shell.webp"
    },
    {
      "word": "shore",
      "image": "shore.webp"
    },
    {
      "word": "wheel",
      "image": "wheel.webp"
    },
    {
      "word": "appeal",
      "image": "appeal.webp"
    },
    {
      "word": "assume",
      "image": "assume.webp"
    },
    {
      "word": "borrow",
      "image": "borrow.webp"
    },
    {
      "word": "client",
      "image": "client.webp"
    },
    {
      "word": "downtown",
      "image": "downtown.webp"
    },
    {
      "word": "dull",
      "image": "dull.webp"
    },
    {
      "word": "embarrass",
      "image": "embarrass.webp"
    },
    {
      "word": "fare",
      "image": "fare.webp"
    },
    {
      "word": "former",
      "image": "former.webp"
    },
    {
      "word": "formula",
      "image": "formula.webp"
    },
    {
      "word": "found",
      "image": "found.webp"
    },
    {
      "word": "invest",
      "image": "invest.webp"
    },
    {
      "word": "loan",
      "image": "loan.webp"
    },
    {
      "word": "practical",
      "image": "practical.webp"
    },
    {
      "word": "quarter",
      "image": "quarter.webp"
    },
    {
      "word": "salary",
      "image": "salary.webp"
    },
    {
      "word": "scholarship",
      "image": "scholarship.webp"
    },
    {
      "word": "temporary",
      "image": "temporary.webp"
    },
    {
      "word": "treasure",
      "image": "treasure.webp"
    },
    {
      "word": "urge",
      "image": "urge.webp"
    }
  ]
}