{
  "name": "Essential English Words 1.1",
  "words": [
    {
      "word": "alien",
      "image": "alien.webp"
    },
    {
      "word": "finally",
      "image": "finally.webp"
    },
    {
      "word": "middle",
      "image": "middle.webp"
    },
    {
      "word": "clever",
      "image": "clever.webp"
    },
    {
      "word": "hide",
      "image": "hide.webp"
    },
    {
      "word": "pleased",
      "image": "pleased.webp"
    },
    {
      "word": "cloud",
      "image": "cloud.webp"
    },
    {
      "word": "attack",
      "image": "attack.webp"
    },
    {
      "word": "describe",
      "image": "describe.webp"
    },
    {
      "word": "promise",
      "image": "promise.webp"
    },
    {
      "word": "library",
      "image": "library.webp"
    },
    {
      "word": "planet",
      "image": "planet.webp"
    },
    {
      "word": "fail",
      "image": "fail.webp"
    },
    {
      "word": "moment",
      "image": "moment.webp"
    },
    {
      "word": "friendly",
      "image": "friendly.webp"
    },
    {
      "word": "shout",
      "image": "shout.webp"
    },
    {
      "word": "bottom",
      "image": "bottom.webp"
    },
    {
      "word": "smell",
      "image": "smell.webp"
    },
    {
      "word": "scare",
      "image": "scare.webp"
    },
    {
      "word": "secret",
      "image": "secret.webp"
    },
    {
      "word": "scene",
      "image": "scene.webp"
    },
    {
      "word": "extreme",
      "image": "extreme.webp"
    },
    {
      "word": "worse",
      "image": "worse.webp"
    },
    {
      "word": "carefully",
      "image": "carefully.webp"
    },
    {
      "word": "chemical",
      "image": "chemical.webp"
    },
    {
      "word": "noise",
      "image": "noise.webp"
    },
    {
      "word": "kill",
      "image": "kill.webp"
    },
    {
      "word": "create",
      "image": "create.webp"
    },
    {
      "word": "safe",
      "image": "safe.webp"
    },
    {
      "word": "loud",
      "image": "loud.webp"
    },
    {
      "word": "project",
      "image": "project.webp"
    },
    {
      "word": "laugh",
      "image": "laugh.webp"
    },
    {
      "word": "terrible",
      "image": "terrible.webp"
    },
    {
      "word": "trick",
      "image": "trick.webp"
    },
    {
      "word": "approach",
      "image": "approach.webp"
    },
    {
      "word": "instead",
      "image": "instead.webp"
    },
    {
      "word": "spread",
      "image": "spread.webp"
    },
    {
      "word": "ever",
      "image": "ever.webp"
    },
    {
      "word": "lot",
      "image": "lot.webp"
    },
    {
      "word": "laboratory",
      "image": "laboratory.webp"
    },
    {
      "word": "agree",
      "image": "agree.webp"
    },
    {
      "word": "patient",
      "image": "patient.webp"
    },
    {
      "word": "calm",
      "image": "calm.webp"
    },
    {
      "word": "among",
      "image": "among.webp"
    },
    {
      "word": "arrive",
      "image": "arrive.webp"
    },
    {
      "word": "shake",
      "image": "shake.webp"
    },
    {
      "word": "community",
      "image": "community.webp"
    },
    {
      "word": "concern",
      "image": "concern.webp"
    },
    {
      "word": "appropriate",
      "image": "appropriate.webp"
    },
    {
      "word": "afraid",
      "image": "afraid.webp"
    },
    {
      "word": "positive",
      "image": "positive.webp"
    },
    {
      "word": "several",
      "image": "several.webp"
    },
    {
      "word": "report",
      "image": "report.webp"
    },
    {
      "word": "suppose",
      "image": "suppose.webp"
    },
    {
      "word": "avoid",
      "image": "avoid.webp"
    },
    {
      "word": "punish",
      "image": "punish.webp"
    },
    {
      "word": "rare",
      "image": "rare.webp"
    },
    {
      "word": "badly",
      "image": "badly.webp"
    },
    {
      "word": "experience",
      "image": "experience.webp"
    },
    {
      "word": "hang",
      "image": "hang.webp"
    },
    {
      "word": "field",
      "image": "field.webp"
    },
    {
      "word": "emotion",
      "image": "emotion.webp"
    },
    {
      "word": "frequently",
      "image": "frequently.webp"
    },
    {
      "word": "require",
      "image": "require.webp"
    },
    {
      "word": "expect",
      "image": "expect.webp"
    },
    {
      "word": "reside",
      "image": "reside.webp"
    },
    {
      "word": "advantage",
      "image": "advantage.webp"
    },
    {
      "word": "wild",
      "image": "wild.webp"
    },
    {
      "word": "nervous",
      "image": "nervous.webp"
    },
    {
      "word": "choice",
      "image": "choice.webp"
    },
    {
      "word": "issue",
      "image": "issue.webp"
    },
    {
      "word": "universe",
      "image": "universe.webp"
    },
    {
      "word": "relax",
      "image": "relax.webp"
    },
    {
      "word": "belong",
      "image": "belong.webp"
    },
    {
      "word": "village",
      "image": "village.webp"
    },
    {
      "word": "result",
      "image": "result.webp"
    },
    {
      "word": "grab",
      "image": "grab.webp"
    },
    {
      "word": "discover",
      "image": "discover.webp"
    },
    {
      "word": "purpose",
      "image": "purpose.webp"
    },
    {
      "word": "escape",
      "image": "escape.webp"
    },
    {
      "word": "beach",
      "image": "beach.webp"
    },
    {
      "word": "crop",
      "image": "crop.webp"
    },
    {
      "word": "aware",
      "image": "aware.webp"
    },
    {
      "word": "likely",
      "image": "likely.webp"
    },
    {
      "word": "marry",
      "image": "marry.webp"
    },
    {
      "word": "function",
      "image": "function.webp"
    },
    {
      "word": "normal",
      "image": "normal.webp"
    },
    {
      "word": "hurt",
      "image": "hurt.webp"
    },
    {
      "word": "stair",
      "image": "stair.webp"
    },
    {
      "word": "forest",
      "image": "forest.webp"
    },
    {
      "word": "symbol",
      "image": "symbol.webp"
    },
    {
      "word": "space",
      "image": "space.webp"
    },
    {
      "word": "sail",
      "image": "sail.webp"
    },
    {
      "word": "raise",
      "image": "raise.webp"
    },
    {
      "word": "print",
      "image": "print.webp"
    },
    {
      "word": "responsible",
      "image": "responsible.webp"
    },
    {
      "word": "cell",
      "image": "cell.webp"
    },
    {
      "word": "opportunity",
      "image": "opportunity.webp"
    },
    {
      "word": "contain",
      "image": "contain.webp"
    },
    {
      "word": "angry",
      "image": "angry.webp"
    },
    {
      "word": "pattern",
      "image": "pattern.webp"
    },
    {
      "word": "correct",
      "image": "correct.webp"
    },
    {
      "word": "length",
      "image": "length.webp"
    },
    {
      "word": "sight",
      "image": "sight.webp"
    },
    {
      "word": "fear",
      "image": "fear.webp"
    },
    {
      "word": "cruel",
      "image": "cruel.webp"
    },
    {
      "word": "propose",
      "image": "propose.webp"
    },
    {
      "word": "consume",
      "image": "consume.webp"
    },
    {
      "word": "excite",
      "image": "excite.webp"
    },
    {
      "word": "happen",
      "image": "happen.webp"
    },
    {
      "word": "wake",
      "image": "wake.webp"
    },
    {
      "word": "alone",
      "image": "alone.webp"
    },
    {
      "word": "silly",
      "image": "silly.webp"
    },
    {
      "word": "truth",
      "image": "truth.webp"
    },
    {
      "word": "strange",
      "image": "strange.webp"
    },
    {
      "word": "mistake",
      "image": "mistake.webp"
    },
    {
      "word": "necessary",
      "image": "necessary.webp"
    },
    {
      "word": "attitude",
      "image": "attitude.webp"
    },
    {
      "word": "represent",
      "image": "represent.webp"
    },
    {
      "word": "conversation",
      "image": "conversation.webp"
    },
    {
      "word": "serious",
      "image": "serious.webp"
    },
    {
      "word": "article",
      "image": "article.webp"
    },
    {
      "word": "fortunate",
      "image": "fortunate.webp"
    },
    {
      "word": "behave",
      "image": "behave.webp"
    },
    {
      "word": "professional",
      "image": "professional.webp"
    },
    {
      "word": "comprehend",
      "image": "comprehend.webp"
    },
    {
      "word": "creature",
      "image": "creature.webp"
    },
    {
      "word": "apartment",
      "image": "apartment.webp"
    },
    {
      "word": "view",
      "image": "view.webp"
    },
    {
      "word": "solve",
      "image": "solve.webp"
    },
    {
      "word": "suddenly",
      "image": "suddenly.webp"
    },
    {
      "word": "shape",
      "image": "shape.webp"
    },
    {
      "word": "artist",
      "image": "artist.webp"
    },
    {
      "word": "judge",
      "image": "judge.webp"
    },
    {
      "word": "method",
      "image": "method.webp"
    },
    {
      "word": "compare",
      "image": "compare.webp"
    },
    {
      "word": "material",
      "image": "material.webp"
    },
    {
      "word": "hunt",
      "image": "hunt.webp"
    },
    {
      "word": "single",
      "image": "single.webp"
    },
    {
      "word": "profit",
      "image": "profit.webp"
    },
    {
      "word": "spot",
      "image": "spot.webp"
    },
    {
      "word": "evil",
      "image": "evil.webp"
    },
    {
      "word": "local",
      "image": "local.webp"
    },
    {
      "word": "exam",
      "image": "exam.webp"
    },
    {
      "word": "example",
      "image": "example.webp"
    },
    {
      "word": "control",
      "image": "control.webp"
    },
    {
      "word": "limit",
      "image": "limit.webp"
    },
    {
      "word": "continue",
      "image": "continue.webp"
    },
    {
      "word": "blood",
      "image": "blood.webp"
    },
    {
      "word": "beside",
      "image": "beside.webp"
    },
    {
      "word": "suffer",
      "image": "suffer.webp"
    },
    {
      "word": "wise",
      "image": "wise.webp"
    },
    {
      "word": "mail",
      "image": "mail.webp"
    },
    {
      "word": "store",
      "image": "store.webp"
    },
    {
      "word": "request",
      "image": "request.webp"
    },
    {
      "word": "increase",
      "image": "increase.webp"
    },
    {
      "word": "content",
      "image": "content.webp"
    },
    {
      "word": "allow",
      "image": "allow.webp"
    },
    {
      "word": "distance",
      "image": "distance.webp"
    },
    {
      "word": "thin",
      "image": "thin.webp"
    },
    {
      "word": "stroll",
      "image": "stroll.webp"
    },
    {
      "word": "roll",
      "image": "roll.webp"
    },
    {
      "word": "familiar",
      "image": "familiar.webp"
    },
    {
      "word": "dead",
      "image": "dead.webp"
    },
    {
      "word": "against",
      "image": "against.webp"
    },
    {
      "word": "hole",
      "image": "hole.webp"
    },
    {
      "word": "spend",
      "image": "spend.webp"
    },
    {
      "word": "decision",
      "image": "decision.webp"
    },
    {
      "word": "guard",
      "image": "guard.webp"
    },
    {
      "word": "prepare",
      "image": "prepare.webp"
    },
    {
      "word": "theory",
      "image": "theory.webp"
    },
    {
      "word": "ground",
      "image": "ground.webp"
    },
    {
      "word": "introduce",
      "image": "introduce.webp"
    },
    {
      "word": "damage",
      "image": "damage.webp"
    },
    {
      "word": "since",
      "image": "since.webp"
    },
    {
      "word": "grade",
      "image": "grade.webp"
    },
    {
      "word": "throw",
      "image": "throw.webp"
    },
    {
      "word": "follow",
      "image": "follow.webp"
    },
    {
      "word": "release",
      "image": "release.webp"
    },
    {
      "word": "certain",
      "image": "certain.webp"
    },
    {
      "word": "huge",
      "image": "huge.webp"
    },
    {
      "word": "coach",
      "image": "coach.webp"
    },
    {
      "word": "lay",
      "image": "lay.webp"
    },
    {
      "word": "magazine",
      "image": "magazine.webp"
    },
    {
      "word": "accept",
      "image": "accept.webp"
    },
    {
      "word": "description",
      "image": "description.webp"
    },
    {
      "word": "essential",
      "image": "essential.webp"
    },
    {
      "word": "lord",
      "image": "lord.webp"
    },
    {
      "word": "grass",
      "image": "grass.webp"
    },
    {
      "word": "direct",
      "image": "direct.webp"
    },
    {
      "word": "adventure",
      "image": "adventure.webp"
    },
    {
      "word": "far",
      "image": "far.webp"
    },
    {
      "word": "island",
      "image": "island.webp"
    },
    {
      "word": "contribute",
      "image": "contribute.webp"
    },
    {
      "word": "arrange",
      "image": "arrange.webp"
    },
    {
      "word": "focus",
      "image": "focus.webp"
    },
    {
      "word": "none",
      "image": "none.webp"
    },
    {
      "word": "whole",
      "image": "whole.webp"
    },
    {
      "word": "well",
      "image": "well.webp"
    },
    {
      "word": "instruct",
      "image": "instruct.webp"
    },
    {
      "word": "balance",
      "image": "balance.webp"
    },
    {
      "word": "effect",
      "image": "effect.webp"
    },
    {
      "word": "remain",
      "image": "remain.webp"
    },
    {
      "word": "visible",
      "image": "visible.webp"
    },
    {
      "word": "announce",
      "image": "announce.webp"
    },
    {
      "word": "cause",
      "image": "cause.webp"
    },
    {
      "word": "rest",
      "image": "rest.webp"
    },
    {
      "word": "position",
      "image": "position.webp"
    },
    {
      "word": "proud",
      "image": "proud.webp"
    },
    {
      "word": "challenge",
      "image": "challenge.webp"
    },
    {
      "word": "owe",
      "image": "owe.webp"
    },
    {
      "word": "chart",
      "image": "chart.webp"
    },
    {
      "word": "difference",
      "image": "difference.webp"
    },
    {
      "word": "face",
      "image": "face.webp"
    },
    {
      "word": "ocean",
      "image": "ocean.webp"
    },
    {
      "word": "fix",
      "image": "fix.webp"
    },
    {
      "word": "separate",
      "image": "separate.webp"
    },
    {
      "word": "sheet",
      "image": "sheet.webp"
    },
    {
      "word": "trouble",
      "image": "trouble.webp"
    },
    {
      "word": "tail",
      "image": "tail.webp"
    },
    {
      "word": "magical",
      "image": "magical.webp"
    },
    {
      "word": "tear",
      "image": "tear.webp"
    },
    {
      "word": "observe",
      "image": "observe.webp"
    },
    {
      "word": "success",
      "image": "success.webp"
    },
    {
      "word": "either",
      "image": "either.webp"
    },
    {
      "word": "collect",
      "image": "collect.webp"
    },
    {
      "word": "chance",
      "image": "chance.webp"
    },
    {
      "word": "compete",
      "image": "compete.webp"
    },
    {
      "word": "race",
      "image": "race.webp"
    },
    {
      "word": "characteristic",
      "image": "characteristic.webp"
    },
    {
      "word": "risk",
      "image": "risk.webp"
    },
    {
      "word": "quality",
      "image": "quality.webp"
    },
    {
      "word": "realize",
      "image": "realize.webp"
    },
    {
      "word": "breathe",
      "image": "breathe.webp"
    },
    {
      "word": "experiment",
      "image": "experiment.webp"
    },
    {
      "word": "upset",
      "image": "upset.webp"
    },
    {
      "word": "prize",
      "image": "prize.webp"
    },
    {
      "word": "novel",
      "image": "novel.webp"
    },
    {
      "word": "fright",
      "image": "fright.webp"
    },
    {
      "word": "individual",
      "image": "individual.webp"
    },
    {
      "word": "weather",
      "image": "weather.webp"
    },
    {
      "word": "taste",
      "image": "taste.webp"
    },
    {
      "word": "wonder",
      "image": "wonder.webp"
    },
    {
      "word": "demand",
      "image": "demand.webp"
    },
    {
      "word": "error",
      "image": "error.webp"
    },
    {
      "word": "across",
      "image": "across.webp"
    },
    {
      "word": "pet",
      "image": "pet.webp"
    },
    {
      "word": "voice",
      "image": "voice.webp"
    },
    {
      "word": "claim",
      "image": "claim.webp"
    },
    {
      "word": "return",
      "image": "return.webp"
    },
    {
      "word": "equal",
      "image": "equal.webp"
    },
    {
      "word": "therefore",
      "image": "therefore.webp"
    },
    {
      "word": "site",
      "image": "site.webp"
    },
    {
      "word": "yet",
      "image": "yet.webp"
    },
    {
      "word": "sudden",
      "image": "sudden.webp"
    },
    {
      "word": "habit",
      "image": "habit.webp"
    },
    {
      "word": "prince",
      "image": "prince.webp"
    },
    {
      "word": "primary",
      "image": "primary.webp"
    },
    {
      "word": "benefit",
      "image": "benefit.webp"
    },
    {
      "word": "famous",
      "image": "famous.webp"
    },
    {
      "word": "technology",
      "image": "technology.webp"
    },
    {
      "word": "harm",
      "image": "harm.webp"
    },
    {
      "word": "identify",
      "image": "identify.webp"
    },
    {
      "word": "frank",
      "image": "frank.webp"
    },
    {
      "word": "poet",
      "image": "poet.webp"
    },
    {
      "word": "expert",
      "image": "expert.webp"
    },
    {
      "word": "save",
      "image": "save.webp"
    },
    {
      "word": "still",
      "image": "still.webp"
    },
    {
      "word": "step",
      "image": "step.webp"
    },
    {
      "word": "meal",
      "image": "meal.webp"
    },
    {
      "word": "immediate",
      "image": "immediate.webp"
    },
    {
      "word": "protect",
      "image": "protect.webp"
    },
    {
      "word": "peace",
      "image": "peace.webp"
    },
    {
      "word": "rock",
      "image": "rock.webp"
    },
    {
      "word": "pleasant",
      "image": "pleasant.webp"
    },
    {
      "word": "reach",
      "image": "reach.webp"
    },
    {
      "word": "asleep",
      "image": "asleep.webp"
    },
    {
      "word": "berry",
      "image": "berry.webp"
    },
    {
      "word": "sense",
      "image": "sense.webp"
    },
    {
      "word": "prevent",
      "image": "prevent.webp"
    },
    {
      "word": "outline",
      "image": "outline.webp"
    },
    {
      "word": "ghost",
      "image": "ghost.webp"
    },
    {
      "word": "survive",
      "image": "survive.webp"
    },
    {
      "word": "perhaps",
      "image": "perhaps.webp"
    },
    {
      "word": "image",
      "image": "image.webp"
    },
    {
      "word": "contrast",
      "image": "contrast.webp"
    },
    {
      "word": "wave",
      "image": "wave.webp"
    },
    {
      "word": "condition",
      "image": "condition.webp"
    },
    {
      "word": "reply",
      "image": "reply.webp"
    },
    {
      "word": "respond",
      "image": "respond.webp"
    },
    {
      "word": "burn",
      "image": "burn.webp"
    },
    {
      "word": "divide",
      "image": "divide.webp"
    },
    {
      "word": "feed",
      "image": "feed.webp"
    },
    {
      "word": "structure",
      "image": "structure.webp"
    },
    {
      "word": "attend",
      "image": "attend.webp"
    },
    {
      "word": "encourage",
      "image": "encourage.webp"
    },
    {
      "word": "force",
      "image": "force.webp"
    }
  ]
}
