{
  "name": "Essential English Words 1",
  "words": [
    {
      "word": "afraid",
      "image": "afraid.webp"
    },
    {
      "word": "agree",
      "image": "agree.webp"
    },
    {
      "word": "angry",
      "image": "angry.webp"
    },
    {
      "word": "arrive",
      "image": "arrive.webp"
    },
    {
      "word": "attack",
      "image": "attack.webp"
    },
    {
      "word": "bottom",
      "image": "bottom.webp"
    },
    {
      "word": "clever",
      "image": "clever.webp"
    },
    {
      "word": "cruel",
      "image": "cruel.webp"
    },
    {
      "word": "finally",
      "image": "finally.webp"
    },
    {
      "word": "hide",
      "image": "hide.webp"
    },
    {
      "word": "hunt",
      "image": "hunt.webp"
    },
    {
      "word": "lot",
      "image": "lot.webp"
    },
    {
      "word": "middle",
      "image": "middle.webp"
    },
    {
      "word": "moment",
      "image": "moment.webp"
    },
    {
      "word": "pleased",
      "image": "pleased.webp"
    },
    {
      "word": "promise",
      "image": "promise.webp"
    },
    {
      "word": "reply",
      "image": "reply.webp"
    },
    {
      "word": "safe",
      "image": "safe.webp"
    },
    {
      "word": "trick",
      "image": "trick.webp"
    },
    {
      "word": "well",
      "image": "well.webp"
    },
    {
      "word": "adventure",
      "image": "adventure.webp"
    },
    {
      "word": "approach",
      "image": "approach.webp"
    },
    {
      "word": "carefully",
      "image": "carefully.webp"
    },
    {
      "word": "chemical",
      "image": "chemical.webp"
    },
    {
      "word": "create",
      "image": "create.webp"
    },
    {
      "word": "evil",
      "image": "evil.webp"
    },
    {
      "word": "experiment",
      "image": "experiment.webp"
    },
    {
      "word": "kill",
      "image": "kill.webp"
    },
    {
      "word": "laboratory",
      "image": "laboratory.webp"
    },
    {
      "word": "laugh",
      "image": "laugh.webp"
    },
    {
      "word": "loud",
      "image": "loud.webp"
    },
    {
      "word": "nervous",
      "image": "nervous.webp"
    },
    {
      "word": "noise",
      "image": "noise.webp"
    },
    {
      "word": "project",
      "image": "project.webp"
    },
    {
      "word": "scare",
      "image": "scare.webp"
    },
    {
      "word": "secret",
      "image": "secret.webp"
    },
    {
      "word": "shout",
      "image": "shout.webp"
    },
    {
      "word": "smell",
      "image": "smell.webp"
    },
    {
      "word": "terrible",
      "image": "terrible.webp"
    },
    {
      "word": "worse",
      "image": "worse.webp"
    },
    {
      "word": "alien",
      "image": "alien.webp"
    },
    {
      "word": "among",
      "image": "among.webp"
    },
    {
      "word": "chart",
      "image": "chart.webp"
    },
    {
      "word": "cloud",
      "image": "cloud.webp"
    },
    {
      "word": "comprehend",
      "image": "comprehend.webp"
    },
    {
      "word": "describe",
      "image": "describe.webp"
    },
    {
      "word": "ever",
      "image": "ever.webp"
    },
    {
      "word": "fail",
      "image": "fail.webp"
    },
    {
      "word": "friendly",
      "image": "friendly.webp"
    },
    {
      "word": "grade",
      "image": "grade.webp"
    },
    {
      "word": "instead",
      "image": "instead.webp"
    },
    {
      "word": "library",
      "image": "library.webp"
    },
    {
      "word": "planet",
      "image": "planet.webp"
    },
    {
      "word": "report",
      "image": "report.webp"
    },
    {
      "word": "several",
      "image": "several.webp"
    },
    {
      "word": "solve",
      "image": "solve.webp"
    },
    {
      "word": "suddenly",
      "image": "suddenly.webp"
    },
    {
      "word": "suppose",
      "image": "suppose.webp"
    },
    {
      "word": "universe",
      "image": "universe.webp"
    },
    {
      "word": "view",
      "image": "view.webp"
    },
    {
      "word": "appropriate",
      "image": "appropriate.webp"
    },
    {
      "word": "avoid",
      "image": "avoid.webp"
    },
    {
      "word": "behave",
      "image": "behave.webp"
    },
    {
      "word": "calm",
      "image": "calm.webp"
    },
    {
      "word": "concern",
      "image": "concern.webp"
    },
    {
      "word": "content",
      "image": "content.webp"
    },
    {
      "word": "expect",
      "image": "expect.webp"
    },
    {
      "word": "frequently",
      "image": "frequently.webp"
    },
    {
      "word": "habit",
      "image": "habit.webp"
    },
    {
      "word": "instruct",
      "image": "instruct.webp"
    },
    {
      "word": "issue",
      "image": "issue.webp"
    },
    {
      "word": "none",
      "image": "none.webp"
    },
    {
      "word": "patient",
      "image": "patient.webp"
    },
    {
      "word": "positive",
      "image": "positive.webp"
    },
    {
      "word": "punish",
      "image": "punish.webp"
    },
    {
      "word": "represent",
      "image": "represent.webp"
    },
    {
      "word": "shake",
      "image": "shake.webp"
    },
    {
      "word": "spread",
      "image": "spread.webp"
    },
    {
      "word": "stroll",
      "image": "stroll.webp"
    },
    {
      "word": "village",
      "image": "village.webp"
    },
    {
      "word": "aware",
      "image": "aware.webp"
    },
    {
      "word": "badly",
      "image": "badly.webp"
    },
    {
      "word": "belong",
      "image": "belong.webp"
    },
    {
      "word": "continue",
      "image": "continue.webp"
    },
    {
      "word": "error",
      "image": "error.webp"
    },
    {
      "word": "experience",
      "image": "experience.webp"
    },
    {
      "word": "field",
      "image": "field.webp"
    },
    {
      "word": "hurt",
      "image": "hurt.webp"
    },
    {
      "word": "judgment",
      "image": "judgment.webp"
    },
    {
      "word": "likely",
      "image": "likely.webp"
    },
    {
      "word": "normal",
      "image": "normal.webp"
    },
    {
      "word": "rare",
      "image": "rare.webp"
    },
    {
      "word": "relax",
      "image": "relax.webp"
    },
    {
      "word": "request",
      "image": "request.webp"
    },
    {
      "word": "reside",
      "image": "reside.webp"
    },
    {
      "word": "result",
      "image": "result.webp"
    },
    {
      "word": "roll",
      "image": "roll.webp"
    },
    {
      "word": "since",
      "image": "since.webp"
    },
    {
      "word": "visible",
      "image": "visible.webp"
    },
    {
      "word": "wild",
      "image": "wild.webp"
    },
    {
      "word": "advantage",
      "image": "advantage.webp"
    },
    {
      "word": "cause",
      "image": "cause.webp"
    },
    {
      "word": "choice",
      "image": "choice.webp"
    },
    {
      "word": "community",
      "image": "community.webp"
    },
    {
      "word": "dead",
      "image": "dead.webp"
    },
    {
      "word": "distance",
      "image": "distance.webp"
    },
    {
      "word": "escape",
      "image": "escape.webp"
    },
    {
      "word": "face",
      "image": "face.webp"
    },
    {
      "word": "follow",
      "image": "follow.webp"
    },
    {
      "word": "fright",
      "image": "fright.webp"
    },
    {
      "word": "ghost",
      "image": "ghost.webp"
    },
    {
      "word": "individual",
      "image": "individual.webp"
    },
    {
      "word": "pet",
      "image": "pet.webp"
    },
    {
      "word": "reach",
      "image": "reach.webp"
    },
    {
      "word": "return",
      "image": "return.webp"
    },
    {
      "word": "survive",
      "image": "survive.webp"
    },
    {
      "word": "upset",
      "image": "upset.webp"
    },
    {
      "word": "voice",
      "image": "voice.webp"
    },
    {
      "word": "weather",
      "image": "weather.webp"
    },
    {
      "word": "wise",
      "image": "wise.webp"
    },
    {
      "word": "allow",
      "image": "allow.webp"
    },
    {
      "word": "announce",
      "image": "announce.webp"
    },
    {
      "word": "beside",
      "image": "beside.webp"
    },
    {
      "word": "challenge",
      "image": "challenge.webp"
    },
    {
      "word": "claim",
      "image": "claim.webp"
    },
    {
      "word": "condition",
      "image": "condition.webp"
    },
    {
      "word": "contribute",
      "image": "contribute.webp"
    },
    {
      "word": "difference",
      "image": "difference.webp"
    },
    {
      "word": "divide",
      "image": "divide.webp"
    },
    {
      "word": "expert",
      "image": "expert.webp"
    },
    {
      "word": "famous",
      "image": "famous.webp"
    },
    {
      "word": "force",
      "image": "force.webp"
    },
    {
      "word": "harm",
      "image": "harm.webp"
    },
    {
      "word": "lay",
      "image": "lay.webp"
    },
    {
      "word": "peace",
      "image": "peace.webp"
    },
    {
      "word": "prince",
      "image": "prince.webp"
    },
    {
      "word": "protect",
      "image": "protect.webp"
    },
    {
      "word": "sense",
      "image": "sense.webp"
    },
    {
      "word": "sudden",
      "image": "sudden.webp"
    },
    {
      "word": "therefore",
      "image": "therefore.webp"
    },
    {
      "word": "accept",
      "image": "accept.webp"
    },
    {
      "word": "arrange",
      "image": "arrange.webp"
    },
    {
      "word": "attend",
      "image": "attend.webp"
    },
    {
      "word": "balance",
      "image": "balance.webp"
    },
    {
      "word": "contrast",
      "image": "contrast.webp"
    },
    {
      "word": "encourage",
      "image": "encourage.webp"
    },
    {
      "word": "familiar",
      "image": "familiar.webp"
    },
    {
      "word": "grab",
      "image": "grab.webp"
    },
    {
      "word": "hang",
      "image": "hang.webp"
    },
    {
      "word": "huge",
      "image": "huge.webp"
    },
    {
      "word": "necessary",
      "image": "necessary.webp"
    },
    {
      "word": "pattern",
      "image": "pattern.webp"
    },
    {
      "word": "propose",
      "image": "propose.webp"
    },
    {
      "word": "purpose",
      "image": "purpose.webp"
    },
    {
      "word": "release",
      "image": "release.webp"
    },
    {
      "word": "require",
      "image": "require.webp"
    },
    {
      "word": "single",
      "image": "single.webp"
    },
    {
      "word": "success",
      "image": "success.webp"
    },
    {
      "word": "tear",
      "image": "tear.webp"
    },
    {
      "word": "theory",
      "image": "theory.webp"
    },
    {
      "word": "against",
      "image": "against.webp"
    },
    {
      "word": "beach",
      "image": "beach.webp"
    },
    {
      "word": "damage",
      "image": "damage.webp"
    },
    {
      "word": "discover",
      "image": "discover.webp"
    },
    {
      "word": "emotion",
      "image": "emotion.webp"
    },
    {
      "word": "fix",
      "image": "fix.webp"
    },
    {
      "word": "frank",
      "image": "frank.webp"
    },
    {
      "word": "identify",
      "image": "identify.webp"
    },
    {
      "word": "island",
      "image": "island.webp"
    },
    {
      "word": "ocean",
      "image": "ocean.webp"
    },
    {
      "word": "perhaps",
      "image": "perhaps.webp"
    },
    {
      "word": "pleasant",
      "image": "pleasant.webp"
    },
    {
      "word": "prevent",
      "image": "prevent.webp"
    },
    {
      "word": "rock",
      "image": "rock.webp"
    },
    {
      "word": "save",
      "image": "save.webp"
    },
    {
      "word": "step",
      "image": "step.webp"
    },
    {
      "word": "still",
      "image": "still.webp"
    },
    {
      "word": "taste",
      "image": "taste.webp"
    },
    {
      "word": "throw",
      "image": "throw.webp"
    },
    {
      "word": "wave",
      "image": "wave.webp"
    },
    {
      "word": "benefit",
      "image": "benefit.webp"
    },
    {
      "word": "certain",
      "image": "certain.webp"
    },
    {
      "word": "chance",
      "image": "chance.webp"
    },
    {
      "word": "effect",
      "image": "effect.webp"
    },
    {
      "word": "essential",
      "image": "essential.webp"
    },
    {
      "word": "far",
      "image": "far.webp"
    },
    {
      "word": "focus",
      "image": "focus.webp"
    },
    {
      "word": "function",
      "image": "function.webp"
    },
    {
      "word": "grass",
      "image": "grass.webp"
    },
    {
      "word": "guard",
      "image": "guard.webp"
    },
    {
      "word": "image",
      "image": "image.webp"
    },
    {
      "word": "immediate",
      "image": "immediate.webp"
    },
    {
      "word": "primary",
      "image": "primary.webp"
    },
    {
      "word": "proud",
      "image": "proud.webp"
    },
    {
      "word": "remain",
      "image": "remain.webp"
    },
    {
      "word": "rest",
      "image": "rest.webp"
    },
    {
      "word": "separate",
      "image": "separate.webp"
    },
    {
      "word": "site",
      "image": "site.webp"
    },
    {
      "word": "tail",
      "image": "tail.webp"
    },
    {
      "word": "trouble",
      "image": "trouble.webp"
    },
    {
      "word": "anymore",
      "image": "anymore.webp"
    },
    {
      "word": "asleep",
      "image": "asleep.webp"
    },
    {
      "word": "berry",
      "image": "berry.webp"
    },
    {
      "word": "collect",
      "image": "collect.webp"
    },
    {
      "word": "compete",
      "image": "compete.webp"
    },
    {
      "word": "conversation",
      "image": "conversation.webp"
    },
    {
      "word": "creature",
      "image": "creature.webp"
    },
    {
      "word": "decision",
      "image": "decision.webp"
    },
    {
      "word": "either",
      "image": "either.webp"
    },
    {
      "word": "forest",
      "image": "forest.webp"
    },
    {
      "word": "ground",
      "image": "ground.webp"
    },
    {
      "word": "introduce",
      "image": "introduce.webp"
    },
    {
      "word": "marry",
      "image": "marry.webp"
    },
    {
      "word": "prepare",
      "image": "prepare.webp"
    },
    {
      "word": "sail",
      "image": "sail.webp"
    },
    {
      "word": "serious",
      "image": "serious.webp"
    },
    {
      "word": "spend",
      "image": "spend.webp"
    },
    {
      "word": "strange",
      "image": "strange.webp"
    },
    {
      "word": "truth",
      "image": "truth.webp"
    },
    {
      "word": "wake",
      "image": "wake.webp"
    },
    {
      "word": "alone",
      "image": "alone.webp"
    },
    {
      "word": "apartment",
      "image": "apartment.webp"
    },
    {
      "word": "article",
      "image": "article.webp"
    },
    {
      "word": "artist",
      "image": "artist.webp"
    },
    {
      "word": "attitude",
      "image": "attitude.webp"
    },
    {
      "word": "compare",
      "image": "compare.webp"
    },
    {
      "word": "judge",
      "image": "judge.webp"
    },
    {
      "word": "magazine",
      "image": "magazine.webp"
    },
    {
      "word": "material",
      "image": "material.webp"
    },
    {
      "word": "meal",
      "image": "meal.webp"
    },
    {
      "word": "method",
      "image": "method.webp"
    },
    {
      "word": "neighbor",
      "image": "neighbor.webp"
    },
    {
      "word": "professional",
      "image": "professional.webp"
    },
    {
      "word": "profit",
      "image": "profit.webp"
    },
    {
      "word": "quality",
      "image": "quality.webp"
    },
    {
      "word": "shape",
      "image": "shape.webp"
    },
    {
      "word": "space",
      "image": "space.webp"
    },
    {
      "word": "stair",
      "image": "stair.webp"
    },
    {
      "word": "symbol",
      "image": "symbol.webp"
    },
    {
      "word": "thin",
      "image": "thin.webp"
    },
    {
      "word": "blood",
      "image": "blood.webp"
    },
    {
      "word": "burn",
      "image": "burn.webp"
    },
    {
      "word": "cell",
      "image": "cell.webp"
    },
    {
      "word": "contain",
      "image": "contain.webp"
    },
    {
      "word": "correct",
      "image": "correct.webp"
    },
    {
      "word": "crop",
      "image": "crop.webp"
    },
    {
      "word": "demand",
      "image": "demand.webp"
    },
    {
      "word": "equal",
      "image": "equal.webp"
    },
    {
      "word": "feed",
      "image": "feed.webp"
    },
    {
      "word": "hole",
      "image": "hole.webp"
    },
    {
      "word": "increase",
      "image": "increase.webp"
    },
    {
      "word": "lord",
      "image": "lord.webp"
    },
    {
      "word": "owe",
      "image": "owe.webp"
    },
    {
      "word": "position",
      "image": "position.webp"
    },
    {
      "word": "raise",
      "image": "raise.webp"
    },
    {
      "word": "responsible",
      "image": "responsible.webp"
    },
    {
      "word": "sight",
      "image": "sight.webp"
    },
    {
      "word": "spot",
      "image": "spot.webp"
    },
    {
      "word": "structure",
      "image": "structure.webp"
    },
    {
      "word": "whole",
      "image": "whole.webp"
    },
    {
      "word": "coach",
      "image": "coach.webp"
    },
    {
      "word": "control",
      "image": "control.webp"
    },
    {
      "word": "description",
      "image": "description.webp"
    },
    {
      "word": "direct",
      "image": "direct.webp"
    },
    {
      "word": "exam",
      "image": "exam.webp"
    },
    {
      "word": "example",
      "image": "example.webp"
    },
    {
      "word": "limit",
      "image": "limit.webp"
    },
    {
      "word": "local",
      "image": "local.webp"
    },
    {
      "word": "magical",
      "image": "magical.webp"
    },
    {
      "word": "mail",
      "image": "mail.webp"
    },
    {
      "word": "novel",
      "image": "novel.webp"
    },
    {
      "word": "outline",
      "image": "outline.webp"
    },
    {
      "word": "poet",
      "image": "poet.webp"
    },
    {
      "word": "print",
      "image": "print.webp"
    },
    {
      "word": "scene",
      "image": "scene.webp"
    },
    {
      "word": "sheet",
      "image": "sheet.webp"
    },
    {
      "word": "silly",
      "image": "silly.webp"
    },
    {
      "word": "store",
      "image": "store.webp"
    },
    {
      "word": "suffer",
      "image": "suffer.webp"
    },
    {
      "word": "technology",
      "image": "technology.webp"
    },
    {
      "word": "across",
      "image": "across.webp"
    },
    {
      "word": "breathe",
      "image": "breathe.webp"
    },
    {
      "word": "characteristic",
      "image": "characteristic.webp"
    },
    {
      "word": "consume",
      "image": "consume.webp"
    },
    {
      "word": "excite",
      "image": "excite.webp"
    },
    {
      "word": "extreme",
      "image": "extreme.webp"
    },
    {
      "word": "fear",
      "image": "fear.webp"
    },
    {
      "word": "fortunate",
      "image": "fortunate.webp"
    },
    {
      "word": "happen",
      "image": "happen.webp"
    },
    {
      "word": "length",
      "image": "length.webp"
    },
    {
      "word": "mistake",
      "image": "mistake.webp"
    },
    {
      "word": "observe",
      "image": "observe.webp"
    },
    {
      "word": "opportunity",
      "image": "opportunity.webp"
    },
    {
      "word": "prize",
      "image": "prize.webp"
    },
    {
      "word": "race",
      "image": "race.webp"
    },
    {
      "word": "realize",
      "image": "realize.webp"
    },
    {
      "word": "respond",
      "image": "respond.webp"
    },
    {
      "word": "risk",
      "image": "risk.webp"
    },
    {
      "word": "wonder",
      "image": "wonder.webp"
    },
    {
      "word": "yet",
      "image": "yet.webp"
    },
    {
      "word": "academy",
      "image": "academy.webp"
    },
    {
      "word": "ancient",
      "image": "ancient.webp"
    },
    {
      "word": "board",
      "image": "board.webp"
    },
    {
      "word": "century",
      "image": "century.webp"
    },
    {
      "word": "clue",
      "image": "clue.webp"
    },
    {
      "word": "concert",
      "image": "concert.webp"
    },
    {
      "word": "county",
      "image": "county.webp"
    },
    {
      "word": "dictionary",
      "image": "dictionary.webp"
    },
    {
      "word": "exist",
      "image": "exist.webp"
    },
    {
      "word": "flat",
      "image": "flat.webp"
    },
    {
      "word": "gentleman",
      "image": "gentleman.webp"
    },
    {
      "word": "hidden",
      "image": "hidden.webp"
    },
    {
      "word": "maybe",
      "image": "maybe.webp"
    },
    {
      "word": "officer",
      "image": "officer.webp"
    },
    {
      "word": "original",
      "image": "original.webp"
    },
    {
      "word": "pound",
      "image": "pound.webp"
    },
    {
      "word": "process",
      "image": "process.webp"
    },
    {
      "word": "publish",
      "image": "publish.webp"
    },
    {
      "word": "theater",
      "image": "theater.webp"
    },
    {
      "word": "wealth",
      "image": "wealth.webp"
    },
    {
      "word": "appreciate",
      "image": "appreciate.webp"
    },
    {
      "word": "available",
      "image": "available.webp"
    },
    {
      "word": "beat",
      "image": "beat.webp"
    },
    {
      "word": "bright",
      "image": "bright.webp"
    },
    {
      "word": "celebrate",
      "image": "celebrate.webp"
    },
    {
      "word": "determine",
      "image": "determine.webp"
    },
    {
      "word": "disappear",
      "image": "disappear.webp"
    },
    {
      "word": "else",
      "image": "else.webp"
    },
    {
      "word": "fair",
      "image": "fair.webp"
    },
    {
      "word": "flow",
      "image": "flow.webp"
    },
    {
      "word": "forward",
      "image": "forward.webp"
    },
    {
      "word": "hill",
      "image": "hill.webp"
    },
    {
      "word": "level",
      "image": "level.webp"
    },
    {
      "word": "lone",
      "image": "lone.webp"
    },
    {
      "word": "puddle",
      "image": "puddle.webp"
    },
    {
      "word": "response",
      "image": "response.webp"
    },
    {
      "word": "season",
      "image": "season.webp"
    },
    {
      "word": "solution",
      "image": "solution.webp"
    },
    {
      "word": "waste",
      "image": "waste.webp"
    },
    {
      "word": "whether",
      "image": "whether.webp"
    },
    {
      "word": "argue",
      "image": "argue.webp"
    },
    {
      "word": "communicate",
      "image": "communicate.webp"
    },
    {
      "word": "crowd",
      "image": "crowd.webp"
    },
    {
      "word": "depend",
      "image": "depend.webp"
    },
    {
      "word": "dish",
      "image": "dish.webp"
    },
    {
      "word": "empty",
      "image": "empty.webp"
    },
    {
      "word": "exact",
      "image": "exact.webp"
    },
    {
      "word": "fresh",
      "image": "fresh.webp"
    },
    {
      "word": "gather",
      "image": "gather.webp"
    },
    {
      "word": "indicate",
      "image": "indicate.webp"
    },
    {
      "word": "item",
      "image": "item.webp"
    },
    {
      "word": "offer",
      "image": "offer.webp"
    },
    {
      "word": "price",
      "image": "price.webp"
    },
    {
      "word": "product",
      "image": "product.webp"
    },
    {
      "word": "property",
      "image": "property.webp"
    },
    {
      "word": "purchase",
      "image": "purchase.webp"
    },
    {
      "word": "recommend",
      "image": "recommend.webp"
    },
    {
      "word": "select",
      "image": "select.webp"
    },
    {
      "word": "tool",
      "image": "tool.webp"
    },
    {
      "word": "treat",
      "image": "treat.webp"
    },
    {
      "word": "alive",
      "image": "alive.webp"
    },
    {
      "word": "bone",
      "image": "bone.webp"
    },
    {
      "word": "bother",
      "image": "bother.webp"
    },
    {
      "word": "captain",
      "image": "captain.webp"
    },
    {
      "word": "conclusion",
      "image": "conclusion.webp"
    },
    {
      "word": "doubt",
      "image": "doubt.webp"
    },
    {
      "word": "explore",
      "image": "explore.webp"
    },
    {
      "word": "foreign",
      "image": "foreign.webp"
    },
    {
      "word": "glad",
      "image": "glad.webp"
    },
    {
      "word": "however",
      "image": "however.webp"
    },
    {
      "word": "injustice",
      "image": "injustice.webp"
    },
    {
      "word": "international",
      "image": "international.webp"
    },
    {
      "word": "lawyer",
      "image": "lawyer.webp"
    },
    {
      "word": "mention",
      "image": "mention.webp"
    },
    {
      "word": "policy",
      "image": "policy.webp"
    },
    {
      "word": "social",
      "image": "social.webp"
    },
    {
      "word": "speech",
      "image": "speech.webp"
    },
    {
      "word": "staff",
      "image": "staff.webp"
    },
    {
      "word": "toward",
      "image": "toward.webp"
    },
    {
      "word": "wood",
      "image": "wood.webp"
    },
    {
      "word": "achieve",
      "image": "achieve.webp"
    },
    {
      "word": "advise",
      "image": "advise.webp"
    },
    {
      "word": "already",
      "image": "already.webp"
    },
    {
      "word": "basic",
      "image": "basic.webp"
    },
    {
      "word": "bit",
      "image": "bit.webp"
    },
    {
      "word": "consider",
      "image": "consider.webp"
    },
    {
      "word": "destroy",
      "image": "destroy.webp"
    },
    {
      "word": "entertain",
      "image": "entertain.webp"
    },
    {
      "word": "extra",
      "image": "extra.webp"
    },
    {
      "word": "goal",
      "image": "goal.webp"
    },
    {
      "word": "lie",
      "image": "lie.webp"
    },
    {
      "word": "meat",
      "image": "meat.webp"
    },
    {
      "word": "opinion",
      "image": "opinion.webp"
    },
    {
      "word": "real",
      "image": "real.webp"
    },
    {
      "word": "reflect",
      "image": "reflect.webp"
    },
    {
      "word": "regard",
      "image": "regard.webp"
    },
    {
      "word": "serve",
      "image": "serve.webp"
    },
    {
      "word": "vegetable",
      "image": "vegetable.webp"
    },
    {
      "word": "war",
      "image": "war.webp"
    },
    {
      "word": "worth",
      "image": "worth.webp"
    },
    {
      "word": "appear",
      "image": "appear.webp"
    },
    {
      "word": "base",
      "image": "base.webp"
    },
    {
      "word": "brain",
      "image": "brain.webp"
    },
    {
      "word": "career",
      "image": "career.webp"
    },
    {
      "word": "clerk",
      "image": "clerk.webp"
    },
    {
      "word": "effort",
      "image": "effort.webp"
    },
    {
      "word": "enter",
      "image": "enter.webp"
    },
    {
      "word": "excellent",
      "image": "excellent.webp"
    },
    {
      "word": "hero",
      "image": "hero.webp"
    },
    {
      "word": "hurry",
      "image": "hurry.webp"
    },
    {
      "word": "inform",
      "image": "inform.webp"
    },
    {
      "word": "later",
      "image": "later.webp"
    },
    {
      "word": "leave",
      "image": "leave.webp"
    },
    {
      "word": "locate",
      "image": "locate.webp"
    },
    {
      "word": "nurse",
      "image": "nurse.webp"
    },
    {
      "word": "operation",
      "image": "operation.webp"
    },
    {
      "word": "pain",
      "image": "pain.webp"
    },
    {
      "word": "refuse",
      "image": "refuse.webp"
    },
    {
      "word": "though",
      "image": "though.webp"
    },
    {
      "word": "various",
      "image": "various.webp"
    },
    {
      "word": "actual",
      "image": "actual.webp"
    },
    {
      "word": "amaze",
      "image": "amaze.webp"
    },
    {
      "word": "charge",
      "image": "charge.webp"
    },
    {
      "word": "comfort",
      "image": "comfort.webp"
    },
    {
      "word": "contact",
      "image": "contact.webp"
    },
    {
      "word": "customer",
      "image": "customer.webp"
    },
    {
      "word": "deliver",
      "image": "deliver.webp"
    },
    {
      "word": "earn",
      "image": "earn.webp"
    },
    {
      "word": "gate",
      "image": "gate.webp"
    },
    {
      "word": "include",
      "image": "include.webp"
    },
    {
      "word": "manage",
      "image": "manage.webp"
    },
    {
      "word": "mystery",
      "image": "mystery.webp"
    },
    {
      "word": "occur",
      "image": "occur.webp"
    },
    {
      "word": "opposite",
      "image": "opposite.webp"
    },
    {
      "word": "plate",
      "image": "plate.webp"
    },
    {
      "word": "receive",
      "image": "receive.webp"
    },
    {
      "word": "reward",
      "image": "reward.webp"
    },
    {
      "word": "set",
      "image": "set.webp"
    },
    {
      "word": "steal",
      "image": "steal.webp"
    },
    {
      "word": "thief",
      "image": "thief.webp"
    },
    {
      "word": "advance",
      "image": "advance.webp"
    },
    {
      "word": "athlete",
      "image": "athlete.webp"
    },
    {
      "word": "average",
      "image": "average.webp"
    },
    {
      "word": "behavior",
      "image": "behavior.webp"
    },
    {
      "word": "behind",
      "image": "behind.webp"
    },
    {
      "word": "course",
      "image": "course.webp"
    },
    {
      "word": "lower",
      "image": "lower.webp"
    },
    {
      "word": "match",
      "image": "match.webp"
    },
    {
      "word": "member",
      "image": "member.webp"
    },
    {
      "word": "mental",
      "image": "mental.webp"
    },
    {
      "word": "passenger",
      "image": "passenger.webp"
    },
    {
      "word": "personality",
      "image": "personality.webp"
    },
    {
      "word": "poem",
      "image": "poem.webp"
    },
    {
      "word": "pole",
      "image": "pole.webp"
    },
    {
      "word": "remove",
      "image": "remove.webp"
    },
    {
      "word": "safety",
      "image": "safety.webp"
    },
    {
      "word": "shoot",
      "image": "shoot.webp"
    },
    {
      "word": "sound",
      "image": "sound.webp"
    },
    {
      "word": "swim",
      "image": "swim.webp"
    },
    {
      "word": "web",
      "image": "web.webp"
    },
    {
      "word": "block",
      "image": "block.webp"
    },
    {
      "word": "cheer",
      "image": "cheer.webp"
    },
    {
      "word": "complex",
      "image": "complex.webp"
    },
    {
      "word": "critic",
      "image": "critic.webp"
    },
    {
      "word": "event",
      "image": "event.webp"
    },
    {
      "word": "exercise",
      "image": "exercise.webp"
    },
    {
      "word": "fit",
      "image": "fit.webp"
    },
    {
      "word": "friendship",
      "image": "friendship.webp"
    },
    {
      "word": "guide",
      "image": "guide.webp"
    },
    {
      "word": "lack",
      "image": "lack.webp"
    },
    {
      "word": "passage",
      "image": "passage.webp"
    },
    {
      "word": "perform",
      "image": "perform.webp"
    },
    {
      "word": "pressure",
      "image": "pressure.webp"
    },
    {
      "word": "probable",
      "image": "probable.webp"
    },
    {
      "word": "public",
      "image": "public.webp"
    },
    {
      "word": "strike",
      "image": "strike.webp"
    },
    {
      "word": "support",
      "image": "support.webp"
    },
    {
      "word": "task",
      "image": "task.webp"
    },
    {
      "word": "term",
      "image": "term.webp"
    },
    {
      "word": "unite",
      "image": "unite.webp"
    },
    {
      "word": "associate",
      "image": "associate.webp"
    },
    {
      "word": "environment",
      "image": "environment.webp"
    },
    {
      "word": "factory",
      "image": "factory.webp"
    },
    {
      "word": "feature",
      "image": "feature.webp"
    },
    {
      "word": "instance",
      "image": "instance.webp"
    },
    {
      "word": "involve",
      "image": "involve.webp"
    },
    {
      "word": "medicine",
      "image": "medicine.webp"
    },
    {
      "word": "mix",
      "image": "mix.webp"
    },
    {
      "word": "organize",
      "image": "organize.webp"
    },
    {
      "word": "period",
      "image": "period.webp"
    },
    {
      "word": "populate",
      "image": "populate.webp"
    },
    {
      "word": "produce",
      "image": "produce.webp"
    },
    {
      "word": "range",
      "image": "range.webp"
    },
    {
      "word": "recognize",
      "image": "recognize.webp"
    },
    {
      "word": "regular",
      "image": "regular.webp"
    },
    {
      "word": "sign",
      "image": "sign.webp"
    },
    {
      "word": "tip",
      "image": "tip.webp"
    },
    {
      "word": "tradition",
      "image": "tradition.webp"
    },
    {
      "word": "trash",
      "image": "trash.webp"
    },
    {
      "word": "wide",
      "image": "wide.webp"
    },
    {
      "word": "advice",
      "image": "advice.webp"
    },
    {
      "word": "along",
      "image": "along.webp"
    },
    {
      "word": "attention",
      "image": "attention.webp"
    },
    {
      "word": "attract",
      "image": "attract.webp"
    },
    {
      "word": "climb",
      "image": "climb.webp"
    },
    {
      "word": "drop",
      "image": "drop.webp"
    },
    {
      "word": "final",
      "image": "final.webp"
    },
    {
      "word": "further",
      "image": "further.webp"
    },
    {
      "word": "imply",
      "image": "imply.webp"
    },
    {
      "word": "maintain",
      "image": "maintain.webp"
    },
    {
      "word": "neither",
      "image": "neither.webp"
    },
    {
      "word": "otherwise",
      "image": "otherwise.webp"
    },
    {
      "word": "physical",
      "image": "physical.webp"
    },
    {
      "word": "prove",
      "image": "prove.webp"
    },
    {
      "word": "react",
      "image": "react.webp"
    },
    {
      "word": "ride",
      "image": "ride.webp"
    },
    {
      "word": "situated",
      "image": "situated.webp"
    },
    {
      "word": "society",
      "image": "society.webp"
    },
    {
      "word": "standard",
      "image": "standard.webp"
    },
    {
      "word": "suggest",
      "image": "suggest.webp"
    },
    {
      "word": "actually",
      "image": "actually.webp"
    },
    {
      "word": "bite",
      "image": "bite.webp"
    },
    {
      "word": "coast",
      "image": "coast.webp"
    },
    {
      "word": "deal",
      "image": "deal.webp"
    },
    {
      "word": "desert",
      "image": "desert.webp"
    },
    {
      "word": "earthquake",
      "image": "earthquake.webp"
    },
    {
      "word": "effective",
      "image": "effective.webp"
    },
    {
      "word": "examine",
      "image": "examine.webp"
    },
    {
      "word": "false",
      "image": "false.webp"
    },
    {
      "word": "gift",
      "image": "gift.webp"
    },
    {
      "word": "hunger",
      "image": "hunger.webp"
    },
    {
      "word": "imagine",
      "image": "imagine.webp"
    },
    {
      "word": "journey",
      "image": "journey.webp"
    },
    {
      "word": "puzzle",
      "image": "puzzle.webp"
    },
    {
      "word": "quite",
      "image": "quite.webp"
    },
    {
      "word": "rather",
      "image": "rather.webp"
    },
    {
      "word": "specific",
      "image": "specific.webp"
    },
    {
      "word": "tour",
      "image": "tour.webp"
    },
    {
      "word": "trip",
      "image": "trip.webp"
    },
    {
      "word": "value",
      "image": "value.webp"
    },
    {
      "word": "band",
      "image": "band.webp"
    },
    {
      "word": "barely",
      "image": "barely.webp"
    },
    {
      "word": "boring",
      "image": "boring.webp"
    },
    {
      "word": "cancel",
      "image": "cancel.webp"
    },
    {
      "word": "driveway",
      "image": "driveway.webp"
    },
    {
      "word": "garbage",
      "image": "garbage.webp"
    },
    {
      "word": "instrument",
      "image": "instrument.webp"
    },
    {
      "word": "list",
      "image": "list.webp"
    },
    {
      "word": "magic",
      "image": "magic.webp"
    },
    {
      "word": "message",
      "image": "message.webp"
    },
    {
      "word": "notice",
      "image": "notice.webp"
    },
    {
      "word": "own",
      "image": "own.webp"
    },
    {
      "word": "predict",
      "image": "predict.webp"
    },
    {
      "word": "professor",
      "image": "professor.webp"
    },
    {
      "word": "rush",
      "image": "rush.webp"
    },
    {
      "word": "schedule",
      "image": "schedule.webp"
    },
    {
      "word": "share",
      "image": "share.webp"
    },
    {
      "word": "stage",
      "image": "stage.webp"
    },
    {
      "word": "storm",
      "image": "storm.webp"
    },
    {
      "word": "within",
      "image": "within.webp"
    },
    {
      "word": "advertise",
      "image": "advertise.webp"
    },
    {
      "word": "assign",
      "image": "assign.webp"
    },
    {
      "word": "audience",
      "image": "audience.webp"
    },
    {
      "word": "breakfast",
      "image": "breakfast.webp"
    },
    {
      "word": "competition",
      "image": "competition.webp"
    },
    {
      "word": "cool",
      "image": "cool.webp"
    },
    {
      "word": "gain",
      "image": "gain.webp"
    },
    {
      "word": "importance",
      "image": "importance.webp"
    },
    {
      "word": "knowledge",
      "image": "knowledge.webp"
    },
    {
      "word": "major",
      "image": "major.webp"
    },
    {
      "word": "mean",
      "image": "mean.webp"
    },
    {
      "word": "prefer",
      "image": "prefer.webp"
    },
    {
      "word": "president",
      "image": "president.webp"
    },
    {
      "word": "progress",
      "image": "progress.webp"
    },
    {
      "word": "respect",
      "image": "respect.webp"
    },
    {
      "word": "rich",
      "image": "rich.webp"
    },
    {
      "word": "skill",
      "image": "skill.webp"
    },
    {
      "word": "somehow",
      "image": "somehow.webp"
    },
    {
      "word": "strength",
      "image": "strength.webp"
    },
    {
      "word": "vote",
      "image": "vote.webp"
    },
    {
      "word": "above",
      "image": "above.webp"
    },
    {
      "word": "ahead",
      "image": "ahead.webp"
    },
    {
      "word": "amount",
      "image": "amount.webp"
    },
    {
      "word": "belief",
      "image": "belief.webp"
    },
    {
      "word": "center",
      "image": "center.webp"
    },
    {
      "word": "common",
      "image": "common.webp"
    },
    {
      "word": "cost",
      "image": "cost.webp"
    },
    {
      "word": "demonstrate",
      "image": "demonstrate.webp"
    },
    {
      "word": "different",
      "image": "different.webp"
    },
    {
      "word": "evidence",
      "image": "evidence.webp"
    },
    {
      "word": "honesty",
      "image": "honesty.webp"
    },
    {
      "word": "idiom",
      "image": "idiom.webp"
    },
    {
      "word": "independent",
      "image": "independent.webp"
    },
    {
      "word": "inside",
      "image": "inside.webp"
    },
    {
      "word": "master",
      "image": "master.webp"
    },
    {
      "word": "memory",
      "image": "memory.webp"
    },
    {
      "word": "proper",
      "image": "proper.webp"
    },
    {
      "word": "scan",
      "image": "scan.webp"
    },
    {
      "word": "section",
      "image": "section.webp"
    },
    {
      "word": "surface",
      "image": "surface.webp"
    }
  ]
}
